noise,method,origins,poly_count,area
0,Real,14,,
0,Top-Down,4,4.0,4797.0
0,Imp BU,5,29.0,478.5
0,Real,19,,
0,Top-Down,3,4.0,6230.5
0,Imp BU,1,28.0,403.0
0,Real,18,,
0,Top-Down,3,4.0,6657.5
0,Imp BU,4,79.0,1481.5
0,Real,10,,
0,Top-Down,6,8.0,5839.0
0,Imp BU,3,42.0,585.0
0,Real,19,,
0,Top-Down,13,14.0,5983.5
0,Imp BU,2,16.0,169.0
0,Real,21,,
0,Top-Down,5,5.0,6340.5
0,Imp BU,2,26.0,392.0
0,Real,23,,
0,Top-Down,6,7.0,6020.0
0,Imp BU,5,44.0,480.0
0,Real,24,,
0,Top-Down,3,3.0,7091.5
0,Imp BU,4,26.0,308.0
0,Real,15,,
0,Top-Down,6,7.0,5072.0
0,Imp BU,4,44.0,677.0
0,Real,16,,
0,Top-Down,4,4.0,5666.0
0,Imp BU,4,27.0,387.5
0,Real,15,,
0,Top-Down,6,6.0,5076.0
0,Imp BU,2,32.0,521.0
0,Real,19,,
0,Top-Down,7,7.0,6387.5
0,Imp BU,1,27.0,460.5
0,Real,17,,
0,Top-Down,5,5.0,6077.5
0,Imp BU,4,26.0,299.0
0,Real,17,,
0,Top-Down,5,5.0,6504.5
0,Imp BU,6,47.0,629.5
0,Real,21,,
0,Top-Down,7,7.0,6280.5
0,Imp BU,2,48.0,918.0
0,Real,24,,
0,Top-Down,5,5.0,5984.5
0,Imp BU,2,22.0,416.0
0,Real,16,,
0,Top-Down,5,5.0,5566.5
0,Imp BU,1,4.0,38.0
0,Real,22,,
0,Top-Down,5,5.0,6628.5
0,Imp BU,2,46.0,1018.0
0,Real,15,,
0,Top-Down,6,6.0,5295.0
0,Imp BU,2,23.0,280.5
0,Real,16,,
0,Top-Down,4,4.0,5592.0
0,Imp BU,1,30.0,451.0
0,Real,18,,
0,Top-Down,6,8.0,5619.0
0,Imp BU,6,30.0,415.0
0,Real,23,,
0,Top-Down,6,6.0,5861.0
0,Imp BU,2,12.0,129.0
0,Real,16,,
0,Top-Down,5,5.0,5416.5
0,Imp BU,1,29.0,489.5
0,Real,16,,
0,Top-Down,6,8.0,6374.0
0,Imp BU,4,63.0,1118.5
0,Real,16,,
0,Top-Down,5,5.0,6409.5
0,Imp BU,3,52.0,758.0
0,Real,17,,
0,Top-Down,4,5.0,5738.0
0,Imp BU,3,12.0,131.0
0,Real,15,,
0,Top-Down,6,6.0,5144.0
0,Imp BU,3,29.0,396.5
0,Real,19,,
0,Top-Down,7,7.0,6276.5
0,Imp BU,4,46.0,706.0
0,Real,18,,
0,Top-Down,6,7.0,5672.0
0,Imp BU,5,38.0,511.0
0,Real,17,,
0,Top-Down,3,3.0,5644.5
0,Imp BU,2,20.0,240.0
0,Real,23,,
0,Top-Down,10,10.0,5301.0
0,Imp BU,1,22.0,309.0
0,Real,13,,
0,Top-Down,4,5.0,5239.0
0,Imp BU,2,13.0,203.5
0,Real,22,,
0,Top-Down,4,5.0,6617.0
0,Imp BU,3,63.0,815.5
0,Real,20,,
0,Top-Down,7,8.0,5333.5
0,Imp BU,4,51.0,656.5
0,Real,23,,
0,Top-Down,3,3.0,7598.5
0,Imp BU,10,67.0,888.5
0,Real,16,,
0,Top-Down,6,6.0,5548.0
0,Imp BU,5,33.0,493.5
0,Real,20,,
0,Top-Down,5,5.0,5516.5
0,Imp BU,8,21.0,229.5
0,Real,16,,
0,Top-Down,6,6.0,5373.0
0,Imp BU,1,42.0,875.0
0,Real,19,,
0,Top-Down,1,1.0,6466.5
0,Imp BU,5,36.0,420.0
0,Real,13,,
0,Top-Down,7,7.0,5485.5
0,Imp BU,3,50.0,544.0
0,Real,19,,
0,Top-Down,3,4.0,7048.5
0,Imp BU,2,50.0,615.0
0,Real,22,,
0,Top-Down,4,5.0,7069.0
0,Imp BU,5,29.0,336.5
0,Real,17,,
0,Top-Down,5,7.0,6112.5
0,Imp BU,3,47.0,752.5
0,Real,17,,
0,Top-Down,7,7.0,6518.5
0,Imp BU,3,47.0,662.5
0,Real,14,,
0,Top-Down,4,6.0,5387.0
0,Imp BU,2,26.0,345.0
0,Real,18,,
0,Top-Down,5,5.0,6186.5
0,Imp BU,2,26.0,324.0
0,Real,9,,
0,Top-Down,3,3.0,4411.5
0,Imp BU,1,38.0,792.0
0,Real,16,,
0,Top-Down,5,5.0,5613.5
0,Imp BU,4,21.0,262.5
0,Real,21,,
0,Top-Down,8,11.0,5702.0
0,Imp BU,5,42.0,648.0
0,Real,21,,
0,Top-Down,6,6.0,6291.0
0,Imp BU,3,17.0,183.5
0,Real,19,,
0,Top-Down,5,5.0,6092.5
0,Imp BU,5,39.0,508.5
0,Real,17,,
0,Top-Down,4,4.0,6138.0
0,Imp BU,1,38.0,1056.0
0,Real,20,,
0,Top-Down,10,10.0,6301.0
0,Imp BU,2,23.0,286.5
0,Real,14,,
0,Top-Down,4,5.0,5450.0
0,Imp BU,4,37.0,582.5
0,Real,18,,
0,Top-Down,2,3.0,6852.0
0,Imp BU,5,64.0,1058.0
0,Real,10,,
0,Top-Down,3,3.0,4468.5
0,Imp BU,3,34.0,478.0
0,Real,19,,
0,Top-Down,10,11.0,5775.0
0,Imp BU,2,40.0,553.0
0,Real,24,,
0,Top-Down,7,7.0,5244.5
0,Imp BU,3,29.0,355.5
0,Real,24,,
0,Top-Down,3,3.0,6889.5
0,Imp BU,7,43.0,542.5
0,Real,21,,
0,Top-Down,2,3.0,6718.0
0,Imp BU,3,16.0,161.0
0,Real,16,,
0,Top-Down,9,12.0,5485.5
0,Imp BU,3,13.0,126.5
0,Real,22,,
0,Top-Down,4,7.0,6294.0
0,Imp BU,4,48.0,600.0
0,Real,16,,
0,Top-Down,5,5.0,5488.5
0,Imp BU,2,44.0,848.0
0,Real,17,,
0,Top-Down,6,7.0,4744.0
0,Imp BU,4,55.0,758.5
0,Real,15,,
0,Top-Down,3,4.0,5474.5
0,Imp BU,2,21.0,254.5
0,Real,9,,
0,Top-Down,3,5.0,4773.5
0,Imp BU,3,28.0,393.0
0,Real,18,,
0,Top-Down,6,6.0,6068.0
0,Imp BU,7,30.0,305.0
0,Real,16,,
0,Top-Down,7,9.0,6618.5
0,Imp BU,2,19.0,249.5
0,Real,18,,
0,Top-Down,7,7.0,5755.5
0,Imp BU,1,31.0,434.5
0,Real,17,,
0,Top-Down,4,6.0,6020.0
0,Imp BU,1,58.0,1021.0
0,Real,19,,
0,Top-Down,6,8.0,7027.0
0,Imp BU,9,59.0,808.5
0,Real,21,,
0,Top-Down,6,6.0,5567.0
0,Imp BU,1,42.0,693.0
0,Real,13,,
0,Top-Down,4,4.0,5537.0
0,Imp BU,4,39.0,584.5
0,Real,19,,
0,Top-Down,3,3.0,5381.5
0,Imp BU,4,30.0,322.0
0,Real,15,,
0,Top-Down,3,4.0,5815.5
0,Imp BU,5,46.0,647.0
0,Real,17,,
0,Top-Down,5,5.0,6174.5
0,Imp BU,3,55.0,742.5
0,Real,15,,
0,Top-Down,3,3.0,4894.5
0,Imp BU,3,24.0,251.0
0,Real,21,,
0,Top-Down,7,7.0,6273.5
0,Imp BU,8,51.0,588.5
0,Real,14,,
0,Top-Down,4,4.0,6207.0
0,Imp BU,3,43.0,507.5
0,Real,17,,
0,Top-Down,6,7.0,5552.0
0,Imp BU,2,36.0,483.0
0,Real,15,,
0,Top-Down,1,2.0,5734.5
0,Imp BU,5,60.0,735.0
0,Real,23,,
0,Top-Down,6,6.0,6230.0
0,Imp BU,2,28.0,389.0
0,Real,16,,
0,Top-Down,6,6.0,5725.0
0,Imp BU,7,55.0,656.5
0,Real,25,,
0,Top-Down,5,8.0,6629.5
0,Imp BU,2,39.0,643.5
0,Real,15,,
0,Top-Down,4,5.0,6296.0
0,Imp BU,3,37.0,418.5
0,Real,13,,
0,Top-Down,6,8.0,5623.0
0,Imp BU,4,55.0,720.5
0,Real,14,,
0,Top-Down,5,5.0,5443.5
0,Imp BU,6,30.0,437.0
0,Real,14,,
0,Top-Down,5,5.0,5014.5
0,Imp BU,3,20.0,298.0
0,Real,14,,
0,Top-Down,5,6.0,5626.5
0,Imp BU,2,20.0,243.0
0,Real,17,,
0,Top-Down,6,8.0,6801.0
0,Imp BU,2,33.0,415.5
0,Real,16,,
0,Top-Down,6,6.0,5629.0
0,Imp BU,2,39.0,556.5
0,Real,15,,
0,Top-Down,3,5.0,5354.5
0,Imp BU,2,19.0,216.5
0,Real,14,,
0,Top-Down,3,4.0,5292.5
0,Imp BU,2,38.0,590.0
0,Real,23,,
0,Top-Down,4,7.0,6244.0
0,Imp BU,4,62.0,644.0
0,Real,19,,
0,Top-Down,4,7.0,7159.0
0,Imp BU,3,36.0,481.0
0,Real,14,,
0,Top-Down,4,6.0,5811.0
0,Imp BU,4,55.0,653.5
0,Real,15,,
0,Top-Down,7,7.0,4985.5
0,Imp BU,2,46.0,1060.0
0,Real,24,,
0,Top-Down,8,8.0,7193.0
0,Imp BU,3,51.0,944.5
0,Real,17,,
0,Top-Down,6,6.0,5394.0
0,Imp BU,3,30.0,393.0
0,Real,19,,
0,Top-Down,5,6.0,6267.5
0,Imp BU,5,37.0,579.5
0,Real,17,,
0,Top-Down,4,4.0,6158.0
0,Imp BU,4,48.0,667.0
0,Real,15,,
0,Top-Down,5,5.0,4989.5
0,Imp BU,1,40.0,556.0
0,Real,15,,
0,Top-Down,6,7.0,5259.0
0,Imp BU,2,35.0,609.5
0,Real,15,,
0,Top-Down,4,5.0,6008.0
0,Imp BU,7,26.0,281.0
0,Real,21,,
0,Top-Down,5,5.0,6486.5
0,Imp BU,4,52.0,764.0
0,Real,23,,
0,Top-Down,6,8.0,6969.0
0,Imp BU,4,26.0,321.0
0,Real,19,,
0,Top-Down,6,6.0,6522.0
0,Imp BU,3,37.0,458.5
0,Real,15,,
0,Top-Down,3,6.0,6782.5
0,Imp BU,3,37.0,524.5
0,Real,16,,
0,Top-Down,4,4.0,6622.0
0,Imp BU,3,33.0,453.5
0,Real,19,,
0,Top-Down,3,3.0,6063.5
0,Imp BU,7,15.0,161.5
0,Real,14,,
0,Top-Down,4,5.0,5212.0
0,Imp BU,3,36.0,735.0
0,Real,20,,
0,Top-Down,5,6.0,6172.5
0,Imp BU,2,5.0,61.5
0,Real,16,,
0,Top-Down,4,5.0,6727.0
0,Imp BU,4,18.0,242.0
0,Real,22,,
0,Top-Down,3,3.0,6470.5
0,Imp BU,2,35.0,424.5
0,Real,23,,
0,Top-Down,7,8.0,6869.5
0,Imp BU,5,47.0,934.5
0,Real,19,,
0,Top-Down,2,6.0,7286.0
0,Imp BU,3,57.0,785.5
0,Real,19,,
0,Top-Down,5,6.0,5717.5
0,Imp BU,4,27.0,356.5
0,Real,14,,
0,Top-Down,5,5.0,6199.5
0,Imp BU,1,38.0,440.0
0,Real,11,,
0,Top-Down,5,5.0,5136.5
0,Imp BU,3,60.0,857.0
0,Real,23,,
0,Top-Down,6,8.0,6876.0
0,Imp BU,2,47.0,729.5
0,Real,11,,
0,Top-Down,4,4.0,5734.0
0,Imp BU,5,61.0,805.5
0,Real,17,,
0,Top-Down,5,7.0,5974.5
0,Imp BU,4,14.0,174.0
0,Real,18,,
0,Top-Down,6,6.0,6372.0
0,Imp BU,2,51.0,792.5
0,Real,16,,
0,Top-Down,3,3.0,4714.5
0,Imp BU,1,9.0,113.5
0,Real,26,,
0,Top-Down,4,4.0,6109.0
0,Imp BU,3,35.0,490.5
0,Real,14,,
0,Top-Down,7,7.0,4975.5
0,Imp BU,1,16.0,276.0
0,Real,20,,
0,Top-Down,6,7.0,6453.0
0,Imp BU,4,50.0,721.0
0,Real,15,,
0,Top-Down,5,5.0,4641.5
0,Imp BU,2,38.0,608.0
0,Real,26,,
0,Top-Down,5,7.0,6768.5
0,Imp BU,2,2.0,22.0
0,Real,25,,
0,Top-Down,3,4.0,6566.5
0,Imp BU,4,57.0,835.5
0,Real,21,,
0,Top-Down,5,5.0,6708.5
0,Imp BU,5,34.0,428.0
0,Real,19,,
0,Top-Down,5,6.0,6862.5
0,Imp BU,4,42.0,606.0
0,Real,21,,
0,Top-Down,3,6.0,6440.5
0,Imp BU,5,8.0,81.0
0,Real,18,,
0,Top-Down,5,5.0,5652.5
0,Imp BU,2,11.0,136.5
0,Real,16,,
0,Top-Down,9,9.0,5618.5
0,Imp BU,2,25.0,309.5
0,Real,18,,
0,Top-Down,5,6.0,5479.5
0,Imp BU,7,51.0,670.5
0,Real,16,,
0,Top-Down,4,4.0,6036.0
0,Imp BU,1,36.0,551.0
0,Real,21,,
0,Top-Down,7,7.0,6493.5
0,Imp BU,6,54.0,860.0
0,Real,21,,
0,Top-Down,8,8.0,5546.0
0,Imp BU,3,31.0,453.5
0,Real,21,,
0,Top-Down,5,6.0,5691.5
0,Imp BU,6,77.0,845.5
0,Real,16,,
0,Top-Down,2,5.0,5504.0
0,Imp BU,4,25.0,293.5
0,Real,19,,
0,Top-Down,4,4.0,5594.0
0,Imp BU,2,36.0,625.0
0,Real,21,,
0,Top-Down,5,7.0,6277.5
0,Imp BU,5,45.0,568.5
0,Real,17,,
0,Top-Down,2,3.0,6959.0
0,Imp BU,7,82.0,1123.0
0,Real,22,,
0,Top-Down,3,3.0,7116.5
0,Imp BU,5,50.0,538.0
0,Real,23,,
0,Top-Down,5,5.0,6355.5
0,Imp BU,5,27.0,299.5
0,Real,21,,
0,Top-Down,6,6.0,7123.0
0,Imp BU,7,53.0,586.5
0,Real,17,,
0,Top-Down,3,4.0,6344.5
0,Imp BU,4,36.0,406.0
0,Real,13,,
0,Top-Down,4,4.0,4753.0
0,Imp BU,1,28.0,504.0
0,Real,16,,
0,Top-Down,4,4.0,5346.0
0,Imp BU,4,23.0,240.5
0,Real,18,,
0,Top-Down,7,7.0,6103.5
0,Imp BU,3,33.0,438.5
0,Real,20,,
0,Top-Down,9,9.0,6011.5
0,Imp BU,3,30.0,442.0
0,Real,20,,
0,Top-Down,8,8.0,6556.0
0,Imp BU,5,36.0,378.0
0,Real,15,,
0,Top-Down,3,3.0,5479.5
0,Imp BU,2,47.0,581.5
0,Real,19,,
0,Top-Down,3,3.0,6159.5
0,Imp BU,5,33.0,361.5
0,Real,14,,
0,Top-Down,7,7.0,5374.5
0,Imp BU,3,65.0,992.5
0,Real,19,,
0,Top-Down,4,5.0,5861.0
0,Imp BU,3,61.0,709.5
0,Real,16,,
0,Top-Down,7,7.0,6021.5
0,Imp BU,3,39.0,727.5
0,Real,24,,
0,Top-Down,8,9.0,6339.0
0,Imp BU,2,52.0,611.0
0,Real,19,,
0,Top-Down,10,11.0,6050.0
0,Imp BU,7,35.0,354.5
0,Real,16,,
0,Top-Down,6,7.0,6301.0
0,Imp BU,6,28.0,289.0
0,Real,15,,
0,Top-Down,3,4.0,5321.5
0,Imp BU,3,35.0,458.5
0,Real,15,,
0,Top-Down,4,5.0,5820.0
0,Imp BU,3,43.0,585.5
0,Real,16,,
0,Top-Down,4,4.0,4944.0
0,Imp BU,2,2.0,22.0
0,Real,17,,
0,Top-Down,2,4.0,6606.0
0,Imp BU,3,28.0,432.0
0,Real,16,,
0,Top-Down,5,6.0,5182.5
0,Imp BU,2,32.0,350.0
0,Real,16,,
0,Top-Down,5,5.0,6203.5
0,Imp BU,2,37.0,752.5
0,Real,14,,
0,Top-Down,7,7.0,5781.5
0,Imp BU,3,15.0,147.5
0,Real,18,,
0,Top-Down,5,6.0,6426.5
0,Imp BU,4,41.0,558.5
0,Real,18,,
0,Top-Down,5,5.0,6318.5
0,Imp BU,4,42.0,663.0
0,Real,17,,
0,Top-Down,7,7.0,6069.5
0,Imp BU,4,46.0,447.0
0,Real,17,,
0,Top-Down,7,7.0,5919.5
0,Imp BU,2,35.0,626.5
0,Real,20,,
0,Top-Down,5,6.0,6346.5
0,Imp BU,7,62.0,883.0
0,Real,20,,
0,Top-Down,6,6.0,4789.0
0,Imp BU,1,23.0,325.5
0,Real,17,,
0,Top-Down,5,7.0,6310.5
0,Imp BU,3,47.0,584.5
0,Real,17,,
0,Top-Down,6,6.0,5778.0
0,Imp BU,7,59.0,694.5
0,Real,17,,
0,Top-Down,3,3.0,5921.5
0,Imp BU,2,47.0,594.5
0,Real,18,,
0,Top-Down,3,5.0,5549.5
0,Imp BU,4,37.0,419.5
0,Real,18,,
0,Top-Down,4,4.0,6248.0
0,Imp BU,6,64.0,850.0
0,Real,23,,
0,Top-Down,8,8.0,6202.0
0,Imp BU,7,68.0,872.0
0,Real,11,,
0,Top-Down,3,3.0,5379.5
0,Imp BU,1,16.0,246.0
0,Real,14,,
0,Top-Down,3,3.0,5268.5
0,Imp BU,5,37.0,464.5
0,Real,16,,
0,Top-Down,12,14.0,5155.0
0,Imp BU,3,32.0,377.0
0,Real,13,,
0,Top-Down,3,4.0,5842.5
0,Imp BU,3,17.0,183.5
0,Real,16,,
0,Top-Down,6,7.0,5694.0
0,Imp BU,2,15.0,170.5
0,Real,16,,
0,Top-Down,3,4.0,6479.5
0,Imp BU,3,28.0,394.0
0,Real,17,,
0,Top-Down,6,6.0,6063.0
0,Imp BU,4,57.0,1000.5
0,Real,17,,
0,Top-Down,5,5.0,4708.5
0,Imp BU,3,31.0,422.5
0,Real,17,,
0,Top-Down,5,5.0,6438.5
0,Imp BU,3,44.0,615.0
0,Real,12,,
0,Top-Down,4,4.0,5628.0
0,Imp BU,5,42.0,708.0
0,Real,23,,
0,Top-Down,7,7.0,6564.5
0,Imp BU,4,37.0,524.5
0,Real,20,,
0,Top-Down,3,4.0,6439.5
0,Imp BU,2,22.0,319.0
0,Real,14,,
0,Top-Down,6,6.0,5355.0
0,Imp BU,8,25.0,318.5
0,Real,20,,
0,Top-Down,3,4.0,6566.5
0,Imp BU,6,65.0,977.5
0,Real,16,,
0,Top-Down,6,6.0,5320.0
0,Imp BU,3,17.0,199.5
0,Real,13,,
0,Top-Down,7,8.0,4427.5
0,Imp BU,1,34.0,695.0
0,Real,12,,
0,Top-Down,5,5.0,5319.5
0,Imp BU,4,49.0,721.5
0,Real,16,,
0,Top-Down,7,7.0,5399.5
0,Imp BU,3,34.0,435.0
0,Real,13,,
0,Top-Down,3,4.0,5238.5
0,Imp BU,2,26.0,285.0
0,Real,22,,
0,Top-Down,6,6.0,6865.0
0,Imp BU,3,43.0,706.5
10,Real,18,,
10,Top-Down,3,5.0,6090.5
10,Imp BU,5,41.0,611.5
10,Real,13,,
10,Top-Down,4,5.0,5084.0
10,Imp BU,3,31.0,356.5
10,Real,13,,
10,Top-Down,4,6.0,5536.0
10,Imp BU,2,33.0,483.5
10,Real,14,,
10,Top-Down,5,5.0,5243.5
10,Imp BU,3,39.0,472.5
10,Real,20,,
10,Top-Down,3,3.0,6063.5
10,Imp BU,3,40.0,619.0
10,Real,13,,
10,Top-Down,4,4.0,4969.0
10,Imp BU,2,32.0,709.0
10,Real,19,,
10,Top-Down,6,6.0,6082.0
10,Imp BU,3,37.0,562.5
10,Real,17,,
10,Top-Down,9,9.0,5344.5
10,Imp BU,3,52.0,691.0
10,Real,16,,
10,Top-Down,4,5.0,4846.0
10,Imp BU,3,40.0,499.0
10,Real,20,,
10,Top-Down,6,6.0,5698.0
10,Imp BU,3,38.0,436.0
10,Real,15,,
10,Top-Down,2,2.0,6035.0
10,Imp BU,3,25.0,376.5
10,Real,25,,
10,Top-Down,4,4.0,6998.0
10,Imp BU,7,61.0,678.5
10,Real,20,,
10,Top-Down,2,4.0,6179.0
10,Imp BU,5,51.0,681.5
10,Real,22,,
10,Top-Down,6,6.0,6376.0
10,Imp BU,3,33.0,571.5
10,Real,16,,
10,Top-Down,8,8.0,5459.0
10,Imp BU,2,34.0,661.0
10,Real,18,,
10,Top-Down,4,5.0,5499.0
10,Imp BU,2,45.0,628.5
10,Real,20,,
10,Top-Down,10,11.0,5807.0
10,Imp BU,1,23.0,334.5
10,Real,20,,
10,Top-Down,4,4.0,6388.0
10,Imp BU,4,45.0,628.5
10,Real,17,,
10,Top-Down,6,6.0,6088.0
10,Imp BU,2,8.0,136.0
10,Real,15,,
10,Top-Down,6,9.0,5703.0
10,Imp BU,7,26.0,273.0
10,Real,13,,
10,Top-Down,5,5.0,4448.5
10,Imp BU,2,59.0,887.5
10,Real,11,,
10,Top-Down,5,6.0,5502.5
10,Imp BU,5,28.0,331.0
10,Real,19,,
10,Top-Down,3,3.0,6524.5
10,Imp BU,7,50.0,575.0
10,Real,20,,
10,Top-Down,6,7.0,6142.0
10,Imp BU,7,45.0,689.5
10,Real,21,,
10,Top-Down,8,9.0,6268.0
10,Imp BU,2,21.0,278.5
10,Real,13,,
10,Top-Down,3,3.0,5717.5
10,Imp BU,4,48.0,720.0
10,Real,22,,
10,Top-Down,4,4.0,6649.0
10,Imp BU,3,41.0,615.625
10,Real,17,,
10,Top-Down,5,5.0,5944.5
10,Imp BU,5,6.0,64.0
10,Real,18,,
10,Top-Down,5,6.0,6572.5
10,Imp BU,2,21.0,371.5
10,Real,16,,
10,Top-Down,6,6.0,6532.0
10,Imp BU,4,23.0,359.5
10,Real,14,,
10,Top-Down,6,7.0,5138.0
10,Imp BU,5,29.0,333.5
10,Real,16,,
10,Top-Down,7,7.0,4093.5
10,Imp BU,1,26.0,593.0
10,Real,18,,
10,Top-Down,3,4.0,6173.5
10,Imp BU,3,34.0,580.0
10,Real,21,,
10,Top-Down,6,6.0,6533.0
10,Imp BU,5,24.0,249.0
10,Real,16,,
10,Top-Down,1,2.0,6860.5
10,Imp BU,5,57.0,716.5
10,Real,17,,
10,Top-Down,6,7.0,5206.0
10,Imp BU,3,12.0,252.0
10,Real,18,,
10,Top-Down,6,7.0,6138.0
10,Imp BU,5,44.0,658.0
10,Real,19,,
10,Top-Down,4,4.0,5698.0
10,Imp BU,5,81.0,1094.5
10,Real,16,,
10,Top-Down,2,2.0,5410.0
10,Imp BU,5,47.0,525.5
10,Real,19,,
10,Top-Down,5,5.0,5508.5
10,Imp BU,3,7.0,82.5
10,Real,20,,
10,Top-Down,5,5.0,5461.5
10,Imp BU,1,16.0,231.0
10,Real,19,,
10,Top-Down,5,5.0,6543.5
10,Imp BU,2,31.0,348.5
10,Real,17,,
10,Top-Down,6,11.0,6283.0
10,Imp BU,1,25.0,346.5
10,Real,16,,
10,Top-Down,6,6.0,5745.0
10,Imp BU,3,86.0,1340.0
10,Real,18,,
10,Top-Down,6,7.0,6493.0
10,Imp BU,5,28.0,359.0
10,Real,22,,
10,Top-Down,5,6.0,6669.5
10,Imp BU,4,36.0,495.0
10,Real,24,,
10,Top-Down,6,6.0,6490.0
10,Imp BU,6,61.0,718.5
10,Real,14,,
10,Top-Down,5,7.0,5620.5
10,Imp BU,3,39.0,423.5
10,Real,20,,
10,Top-Down,5,5.0,6298.5
10,Imp BU,2,27.0,349.5
10,Real,18,,
10,Top-Down,8,9.0,6499.0
10,Imp BU,8,29.0,509.5
10,Real,17,,
10,Top-Down,6,7.0,5960.0
10,Imp BU,6,40.0,505.0
10,Real,19,,
10,Top-Down,6,6.0,5132.0
10,Imp BU,4,58.0,881.0
10,Real,17,,
10,Top-Down,6,6.0,5770.0
10,Imp BU,5,46.0,547.0
10,Real,19,,
10,Top-Down,5,8.0,6006.5
10,Imp BU,5,81.0,982.5
10,Real,13,,
10,Top-Down,3,3.0,5669.5
10,Imp BU,4,47.0,578.5
10,Real,11,,
10,Top-Down,2,2.0,5589.0
10,Imp BU,1,36.0,773.0
10,Real,15,,
10,Top-Down,5,8.0,6188.5
10,Imp BU,5,26.0,369.0
10,Real,15,,
10,Top-Down,5,6.0,5829.5
10,Imp BU,5,33.0,418.5
10,Real,19,,
10,Top-Down,7,7.0,5602.5
10,Imp BU,4,34.0,512.0
10,Real,13,,
10,Top-Down,2,3.0,6025.0
10,Imp BU,7,51.0,738.5
10,Real,13,,
10,Top-Down,4,4.0,5471.0
10,Imp BU,2,18.0,285.0
10,Real,17,,
10,Top-Down,4,6.0,6202.0
10,Imp BU,4,35.0,381.5
10,Real,22,,
10,Top-Down,6,6.0,6774.0
10,Imp BU,8,55.0,589.5
10,Real,23,,
10,Top-Down,3,5.0,6342.5
10,Imp BU,2,34.0,484.0
10,Real,15,,
10,Top-Down,5,5.0,7065.5
10,Imp BU,5,67.0,828.5
10,Real,16,,
10,Top-Down,7,7.0,5072.5
10,Imp BU,3,49.0,767.5
10,Real,17,,
10,Top-Down,5,5.0,6020.5
10,Imp BU,5,54.0,610.0
10,Real,19,,
10,Top-Down,3,4.0,5896.5
10,Imp BU,2,40.0,509.0
10,Real,26,,
10,Top-Down,6,6.0,6752.0
10,Imp BU,7,57.0,774.5
10,Real,20,,
10,Top-Down,6,6.0,5969.0
10,Imp BU,3,52.0,900.0
10,Real,14,,
10,Top-Down,3,5.0,5621.5
10,Imp BU,3,37.0,567.5
10,Real,20,,
10,Top-Down,3,4.0,6253.5
10,Imp BU,4,51.0,634.5
10,Real,17,,
10,Top-Down,4,4.0,4516.0
10,Imp BU,4,55.0,785.5
10,Real,20,,
10,Top-Down,8,9.0,6657.0
10,Imp BU,4,30.0,357.0
10,Real,21,,
10,Top-Down,6,6.0,6621.0
10,Imp BU,6,40.0,534.0
10,Real,17,,
10,Top-Down,4,5.0,5980.0
10,Imp BU,3,37.0,572.5
10,Real,16,,
10,Top-Down,6,8.0,5287.0
10,Imp BU,2,37.0,611.5
10,Real,15,,
10,Top-Down,5,5.0,5579.5
10,Imp BU,1,43.0,823.5
10,Real,20,,
10,Top-Down,7,7.0,5830.5
10,Imp BU,2,41.0,725.5
10,Real,13,,
10,Top-Down,5,6.0,5070.5
10,Imp BU,3,49.0,772.5
10,Real,16,,
10,Top-Down,4,4.0,5169.0
10,Imp BU,5,43.0,560.5
10,Real,22,,
10,Top-Down,7,8.0,6417.5
10,Imp BU,3,27.0,416.5
10,Real,19,,
10,Top-Down,3,4.0,6322.5
10,Imp BU,5,48.0,507.0
10,Real,20,,
10,Top-Down,4,4.0,6287.0
10,Imp BU,5,41.0,438.5
10,Real,23,,
10,Top-Down,9,9.0,6340.5
10,Imp BU,6,41.0,579.5
10,Real,15,,
10,Top-Down,4,7.0,5052.0
10,Imp BU,4,48.0,590.0
10,Real,18,,
10,Top-Down,4,6.0,6383.0
10,Imp BU,4,55.0,730.5
10,Real,18,,
10,Top-Down,5,6.0,5631.5
10,Imp BU,3,35.0,624.5
10,Real,7,,
10,Top-Down,3,3.0,3974.5
10,Imp BU,1,31.0,425.5
10,Real,12,,
10,Top-Down,3,3.0,5023.5
10,Imp BU,5,49.0,712.5
10,Real,24,,
10,Top-Down,5,5.0,6126.5
10,Imp BU,5,37.0,431.5
10,Real,20,,
10,Top-Down,6,8.0,6077.0
10,Imp BU,4,51.0,765.5
10,Real,24,,
10,Top-Down,6,6.0,6838.0
10,Imp BU,3,45.0,731.5
10,Real,14,,
10,Top-Down,5,5.0,5805.5
10,Imp BU,4,55.0,799.5
10,Real,19,,
10,Top-Down,3,4.0,6363.5
10,Imp BU,9,38.0,476.0
10,Real,19,,
10,Top-Down,6,7.0,6346.0
10,Imp BU,3,8.0,81.0
10,Real,17,,
10,Top-Down,8,8.0,5686.0
10,Imp BU,3,46.0,635.0
10,Real,20,,
10,Top-Down,2,2.0,6175.0
10,Imp BU,4,35.0,442.5
10,Real,17,,
10,Top-Down,3,4.0,6372.5
10,Imp BU,5,43.0,761.5
10,Real,17,,
10,Top-Down,4,5.0,5852.0
10,Imp BU,6,55.0,707.5
10,Real,14,,
10,Top-Down,4,4.0,5157.0
10,Imp BU,2,38.0,762.0
10,Real,18,,
10,Top-Down,7,7.0,6047.5
10,Imp BU,4,24.0,287.0
10,Real,16,,
10,Top-Down,3,6.0,6332.5
10,Imp BU,4,54.0,611.0
10,Real,15,,
10,Top-Down,4,4.0,5481.0
10,Imp BU,2,28.0,398.0
10,Real,24,,
10,Top-Down,6,7.0,6117.0
10,Imp BU,2,24.0,258.0
10,Real,18,,
10,Top-Down,2,3.0,5706.0
10,Imp BU,3,27.0,442.5
10,Real,12,,
10,Top-Down,3,5.0,5397.5
10,Imp BU,2,42.0,997.125
10,Real,17,,
10,Top-Down,6,7.0,5419.0
10,Imp BU,1,26.0,384.0
10,Real,15,,
10,Top-Down,6,6.0,5330.0
10,Imp BU,4,36.0,686.0
10,Real,17,,
10,Top-Down,2,2.0,5528.0
10,Imp BU,3,45.0,677.5
10,Real,15,,
10,Top-Down,4,4.0,5564.0
10,Imp BU,3,28.0,580.0
10,Real,17,,
10,Top-Down,2,2.0,6196.0
10,Imp BU,5,33.0,441.5
10,Real,18,,
10,Top-Down,6,9.0,5999.0
10,Imp BU,2,28.0,349.0
10,Real,15,,
10,Top-Down,4,4.0,6044.0
10,Imp BU,6,53.0,733.5
10,Real,22,,
10,Top-Down,4,5.0,6635.0
10,Imp BU,3,20.0,192.0
10,Real,9,,
10,Top-Down,3,6.0,5338.5
10,Imp BU,2,49.0,809.5
10,Real,16,,
10,Top-Down,4,4.0,6142.0
10,Imp BU,2,30.0,306.0
10,Real,17,,
10,Top-Down,3,3.0,6166.5
10,Imp BU,4,40.0,512.0
10,Real,15,,
10,Top-Down,6,6.0,4914.0
10,Imp BU,3,25.0,367.5
10,Real,17,,
10,Top-Down,5,5.0,5889.5
10,Imp BU,2,30.0,384.0
10,Real,18,,
10,Top-Down,10,11.0,6246.0
10,Imp BU,2,37.0,434.5
10,Real,12,,
10,Top-Down,5,5.0,5450.5
10,Imp BU,2,28.0,382.125
10,Real,22,,
10,Top-Down,5,6.0,6775.5
10,Imp BU,2,45.0,535.5
10,Real,24,,
10,Top-Down,5,6.0,6617.5
10,Imp BU,2,54.0,916.0
10,Real,19,,
10,Top-Down,3,3.0,6983.5
10,Imp BU,6,74.0,1032.0
10,Real,15,,
10,Top-Down,3,5.0,6431.5
10,Imp BU,2,48.0,636.0
10,Real,25,,
10,Top-Down,5,5.0,6090.5
10,Imp BU,3,37.0,628.5
10,Real,16,,
10,Top-Down,2,2.0,6287.0
10,Imp BU,1,35.0,571.5
10,Real,22,,
10,Top-Down,5,5.0,6265.5
10,Imp BU,5,26.0,301.0
10,Real,19,,
10,Top-Down,4,4.0,6510.0
10,Imp BU,8,23.0,276.5
10,Real,19,,
10,Top-Down,3,3.0,6015.5
10,Imp BU,3,41.0,601.5
10,Real,20,,
10,Top-Down,4,6.0,5334.0
10,Imp BU,3,32.0,366.0
10,Real,19,,
10,Top-Down,5,6.0,5956.5
10,Imp BU,4,27.0,295.5
10,Real,17,,
10,Top-Down,5,5.0,5536.5
10,Imp BU,2,29.0,335.5
10,Real,17,,
10,Top-Down,4,6.0,6560.0
10,Imp BU,3,60.0,620.0
10,Real,10,,
10,Top-Down,4,4.0,5229.0
10,Imp BU,2,14.0,176.0
10,Real,13,,
10,Top-Down,6,6.0,4815.0
10,Imp BU,3,40.0,596.0
10,Real,19,,
10,Top-Down,6,6.0,6315.0
10,Imp BU,3,57.0,811.5
10,Real,20,,
10,Top-Down,8,8.0,6262.0
10,Imp BU,2,29.0,319.5
10,Real,18,,
10,Top-Down,5,5.0,5640.5
10,Imp BU,3,48.0,601.0
10,Real,21,,
10,Top-Down,7,9.0,6417.5
10,Imp BU,1,36.0,602.25
10,Real,19,,
10,Top-Down,7,8.0,6464.5
10,Imp BU,2,29.0,451.5
10,Real,21,,
10,Top-Down,3,3.0,5627.5
10,Imp BU,5,22.0,272.0
10,Real,17,,
10,Top-Down,3,4.0,5107.5
10,Imp BU,1,38.0,698.0
10,Real,14,,
10,Top-Down,2,2.0,5855.0
10,Imp BU,1,25.0,256.5
10,Real,17,,
10,Top-Down,5,7.0,5690.5
10,Imp BU,4,61.0,1046.5
10,Real,20,,
10,Top-Down,3,3.0,6458.5
10,Imp BU,4,10.0,115.0
10,Real,19,,
10,Top-Down,6,6.0,4913.0
10,Imp BU,2,60.0,741.0
10,Real,16,,
10,Top-Down,3,4.0,4984.5
10,Imp BU,1,29.0,541.5
10,Real,24,,
10,Top-Down,4,4.0,7195.0
10,Imp BU,8,31.0,347.5
10,Real,19,,
10,Top-Down,8,10.0,6239.0
10,Imp BU,3,29.0,439.5
10,Real,23,,
10,Top-Down,2,2.0,6972.0
10,Imp BU,3,32.0,427.0
10,Real,18,,
10,Top-Down,3,3.0,5877.5
10,Imp BU,3,35.0,420.5
10,Real,15,,
10,Top-Down,3,3.0,6395.5
10,Imp BU,10,55.0,667.5
10,Real,18,,
10,Top-Down,7,8.0,5987.5
10,Imp BU,4,43.0,500.5
10,Real,20,,
10,Top-Down,3,3.0,5974.5
10,Imp BU,6,53.0,767.5
10,Real,17,,
10,Top-Down,6,6.0,5979.0
10,Imp BU,5,46.0,877.0
10,Real,15,,
10,Top-Down,4,5.0,4951.0
10,Imp BU,2,33.0,427.5
10,Real,24,,
10,Top-Down,6,7.0,6285.0
10,Imp BU,7,41.0,1011.5
10,Real,11,,
10,Top-Down,4,4.0,4683.0
10,Imp BU,3,18.0,185.0
10,Real,25,,
10,Top-Down,4,7.0,7246.0
10,Imp BU,7,58.0,679.0
10,Real,20,,
10,Top-Down,6,7.0,7276.0
10,Imp BU,5,70.0,1079.25
10,Real,20,,
10,Top-Down,8,9.0,6573.0
10,Imp BU,3,25.0,387.5
10,Real,16,,
10,Top-Down,6,7.0,5373.0
10,Imp BU,3,12.0,136.0
10,Real,13,,
10,Top-Down,3,3.0,4526.5
10,Imp BU,7,27.0,313.5
10,Real,16,,
10,Top-Down,6,7.0,5638.0
10,Imp BU,2,38.0,628.0
10,Real,16,,
10,Top-Down,4,4.0,6029.0
10,Imp BU,2,47.0,1097.5
10,Real,20,,
10,Top-Down,3,3.0,5948.5
10,Imp BU,3,19.0,233.5
10,Real,17,,
10,Top-Down,3,3.0,6877.5
10,Imp BU,2,65.0,946.5
10,Real,18,,
10,Top-Down,5,8.0,6278.5
10,Imp BU,2,31.0,445.5
10,Real,12,,
10,Top-Down,4,7.0,5563.0
10,Imp BU,2,49.0,590.5
10,Real,15,,
10,Top-Down,3,3.0,5964.5
10,Imp BU,3,22.0,319.0
10,Real,14,,
10,Top-Down,5,5.0,5128.5
10,Imp BU,2,48.0,800.0
10,Real,18,,
10,Top-Down,5,6.0,5956.5
10,Imp BU,2,25.0,447.5
10,Real,19,,
10,Top-Down,10,11.0,5924.0
10,Imp BU,5,54.0,677.0
10,Real,22,,
10,Top-Down,3,4.0,6563.5
10,Imp BU,3,6.0,64.125
10,Real,17,,
10,Top-Down,6,7.0,4882.0
10,Imp BU,3,68.0,782.0
10,Real,10,,
10,Top-Down,2,2.0,4664.0
10,Imp BU,1,41.0,681.5
10,Real,17,,
10,Top-Down,4,4.0,5513.0
10,Imp BU,3,39.0,450.5
10,Real,17,,
10,Top-Down,4,5.0,7209.0
10,Imp BU,4,27.0,360.5
10,Real,19,,
10,Top-Down,7,7.0,6290.5
10,Imp BU,4,60.0,888.0
10,Real,16,,
10,Top-Down,5,5.0,5235.5
10,Imp BU,1,26.0,350.0
10,Real,20,,
10,Top-Down,4,4.0,7186.0
10,Imp BU,6,49.0,842.5
10,Real,14,,
10,Top-Down,2,4.0,5633.0
10,Imp BU,4,61.0,817.5
10,Real,18,,
10,Top-Down,3,3.0,6267.5
10,Imp BU,4,40.0,480.0
10,Real,18,,
10,Top-Down,7,7.0,5573.5
10,Imp BU,4,37.0,472.5
10,Real,17,,
10,Top-Down,9,9.0,5482.5
10,Imp BU,1,18.0,207.0
10,Real,19,,
10,Top-Down,5,5.0,5777.5
10,Imp BU,2,18.0,219.0
10,Real,20,,
10,Top-Down,5,7.0,5402.5
10,Imp BU,3,42.0,505.0
10,Real,16,,
10,Top-Down,4,4.0,6024.0
10,Imp BU,4,22.0,351.0
10,Real,11,,
10,Top-Down,5,6.0,5091.5
10,Imp BU,8,61.0,702.5
10,Real,13,,
10,Top-Down,3,3.0,4572.5
10,Imp BU,1,42.0,666.0
10,Real,14,,
10,Top-Down,3,4.0,5563.5
10,Imp BU,2,44.0,616.0
10,Real,21,,
10,Top-Down,7,9.0,6061.5
10,Imp BU,3,27.0,395.5
10,Real,21,,
10,Top-Down,4,4.0,6450.0
10,Imp BU,1,28.0,531.0
10,Real,19,,
10,Top-Down,2,3.0,6613.0
10,Imp BU,2,40.0,704.0
10,Real,19,,
10,Top-Down,7,9.0,6547.5
10,Imp BU,4,41.0,713.5
10,Real,13,,
10,Top-Down,3,3.0,5242.5
10,Imp BU,2,22.0,323.0
10,Real,15,,
10,Top-Down,6,6.0,5330.0
10,Imp BU,5,44.0,630.0
10,Real,14,,
10,Top-Down,4,4.0,5426.0
10,Imp BU,2,47.0,637.5
20,Real,14,,
20,Top-Down,4,4.0,4657.0
20,Imp BU,2,44.0,609.0
20,Real,12,,
20,Top-Down,5,5.0,5742.5
20,Imp BU,7,25.0,367.5
20,Real,15,,
20,Top-Down,5,6.0,6388.5
20,Imp BU,5,56.0,698.0
20,Real,19,,
20,Top-Down,4,4.0,6024.0
20,Imp BU,4,49.0,658.5
20,Real,18,,
20,Top-Down,3,3.0,5712.5
20,Imp BU,3,54.0,713.0
20,Real,17,,
20,Top-Down,3,3.0,6884.5
20,Imp BU,3,37.0,479.5
20,Real,18,,
20,Top-Down,4,6.0,5956.0
20,Imp BU,4,56.0,733.0
20,Real,18,,
20,Top-Down,5,5.0,5313.5
20,Imp BU,3,56.0,750.0
20,Real,22,,
20,Top-Down,5,6.0,6590.5
20,Imp BU,2,32.0,604.0
20,Real,22,,
20,Top-Down,5,6.0,6593.5
20,Imp BU,4,41.0,648.5
20,Real,13,,
20,Top-Down,3,3.0,5749.5
20,Imp BU,4,57.0,690.0
20,Real,20,,
20,Top-Down,5,6.0,6494.5
20,Imp BU,4,30.0,412.0
20,Real,16,,
20,Top-Down,6,6.0,6242.0
20,Imp BU,5,41.0,481.75
20,Real,21,,
20,Top-Down,6,7.0,6769.0
20,Imp BU,3,21.0,256.5
20,Real,20,,
20,Top-Down,3,3.0,5142.5
20,Imp BU,4,50.0,654.0
20,Real,20,,
20,Top-Down,7,7.0,5229.5
20,Imp BU,7,61.0,659.5
20,Real,13,,
20,Top-Down,5,5.0,5408.5
20,Imp BU,3,48.0,772.0
20,Real,20,,
20,Top-Down,7,9.0,6256.5
20,Imp BU,3,22.0,357.0
20,Real,18,,
20,Top-Down,7,10.0,5662.5
20,Imp BU,1,60.0,903.0
20,Real,18,,
20,Top-Down,7,7.0,5855.5
20,Imp BU,5,46.0,626.0
20,Real,21,,
20,Top-Down,5,6.0,7249.5
20,Imp BU,7,64.0,964.0
20,Real,19,,
20,Top-Down,6,6.0,4526.0
20,Imp BU,2,40.0,435.0
20,Real,21,,
20,Top-Down,4,4.0,6591.0
20,Imp BU,5,53.0,721.5
20,Real,12,,
20,Top-Down,4,4.0,4958.0
20,Imp BU,3,20.0,230.0
20,Real,14,,
20,Top-Down,6,6.0,6058.0
20,Imp BU,6,27.0,303.5
20,Real,21,,
20,Top-Down,5,5.0,6390.5
20,Imp BU,5,33.0,397.5
20,Real,14,,
20,Top-Down,4,4.0,6141.0
20,Imp BU,3,33.0,395.5
20,Real,18,,
20,Top-Down,6,6.0,6227.0
20,Imp BU,4,38.0,521.0
20,Real,23,,
20,Top-Down,3,3.0,6091.5
20,Imp BU,5,46.0,622.0
20,Real,16,,
20,Top-Down,4,5.0,5431.0
20,Imp BU,1,12.0,165.0
20,Real,17,,
20,Top-Down,7,8.0,6015.5
20,Imp BU,5,33.0,420.5
20,Real,19,,
20,Top-Down,1,1.0,6196.5
20,Imp BU,3,42.0,709.0
20,Real,16,,
20,Top-Down,7,9.0,6268.5
20,Imp BU,2,28.0,381.0
20,Real,15,,
20,Top-Down,5,5.0,5073.5
20,Imp BU,4,33.0,407.5
20,Real,15,,
20,Top-Down,3,5.0,5907.5
20,Imp BU,3,31.0,369.5
20,Real,18,,
20,Top-Down,2,2.0,5227.0
20,Imp BU,1,37.0,576.5
20,Real,19,,
20,Top-Down,6,7.0,4851.0
20,Imp BU,2,38.0,437.0
20,Real,15,,
20,Top-Down,4,5.0,6447.0
20,Imp BU,3,46.0,689.0
20,Real,21,,
20,Top-Down,7,8.0,5579.5
20,Imp BU,1,1.0,9.5
20,Real,19,,
20,Top-Down,2,2.0,6501.0
20,Imp BU,2,30.0,470.0
20,Real,15,,
20,Top-Down,6,6.0,6296.0
20,Imp BU,3,16.0,156.0
20,Real,15,,
20,Top-Down,3,4.0,5949.5
20,Imp BU,1,41.0,665.5
20,Real,17,,
20,Top-Down,7,8.0,5757.5
20,Imp BU,5,28.0,286.0
20,Real,21,,
20,Top-Down,3,5.0,5905.5
20,Imp BU,3,48.0,852.0
20,Real,15,,
20,Top-Down,6,6.0,4817.0
20,Imp BU,1,1.0,15.5
20,Real,10,,
20,Top-Down,2,3.0,5011.0
20,Imp BU,4,12.0,139.0
20,Real,14,,
20,Top-Down,5,5.0,5387.5
20,Imp BU,3,35.0,622.5
20,Real,13,,
20,Top-Down,3,3.0,5457.5
20,Imp BU,3,25.0,514.5
20,Real,20,,
20,Top-Down,7,7.0,5502.5
20,Imp BU,1,45.0,836.5
20,Real,16,,
20,Top-Down,6,6.0,4709.0
20,Imp BU,2,49.0,666.5
20,Real,17,,
20,Top-Down,5,5.0,5886.5
20,Imp BU,4,30.0,428.25
20,Real,22,,
20,Top-Down,4,4.0,6460.0
20,Imp BU,3,62.0,903.5
20,Real,13,,
20,Top-Down,5,5.0,5301.5
20,Imp BU,4,30.0,382.0
20,Real,12,,
20,Top-Down,4,4.0,4935.0
20,Imp BU,3,44.0,578.0
20,Real,20,,
20,Top-Down,2,2.0,5746.0
20,Imp BU,2,19.0,376.5
20,Real,15,,
20,Top-Down,5,5.0,5252.5
20,Imp BU,5,34.0,427.0
20,Real,13,,
20,Top-Down,4,5.0,5397.0
20,Imp BU,2,24.0,357.0
20,Real,19,,
20,Top-Down,4,7.0,5675.0
20,Imp BU,5,51.0,669.5
20,Real,18,,
20,Top-Down,6,7.0,5029.0
20,Imp BU,4,39.0,473.5
20,Real,17,,
20,Top-Down,10,10.0,6367.0
20,Imp BU,3,35.0,489.5
20,Real,19,,
20,Top-Down,3,3.0,6131.5
20,Imp BU,5,39.0,567.75
20,Real,15,,
20,Top-Down,3,3.0,5202.5
20,Imp BU,4,40.0,795.0
20,Real,17,,
20,Top-Down,2,2.0,5655.0
20,Imp BU,4,72.0,889.125
20,Real,18,,
20,Top-Down,5,7.0,5785.5
20,Imp BU,3,14.0,152.0
20,Real,17,,
20,Top-Down,5,6.0,4912.5
20,Imp BU,3,33.0,368.5
20,Real,17,,
20,Top-Down,6,6.0,6317.0
20,Imp BU,5,37.0,517.5
20,Real,24,,
20,Top-Down,2,2.0,7144.0
20,Imp BU,7,37.0,443.5
20,Real,22,,
20,Top-Down,6,6.0,6186.0
20,Imp BU,3,27.0,355.5
20,Real,15,,
20,Top-Down,4,5.0,6125.0
20,Imp BU,3,33.0,382.5
20,Real,22,,
20,Top-Down,3,5.0,7460.5
20,Imp BU,8,63.0,874.5
20,Real,23,,
20,Top-Down,3,3.0,6504.5
20,Imp BU,6,78.0,947.0
20,Real,18,,
20,Top-Down,4,4.0,5602.0
20,Imp BU,1,32.0,462.0
20,Real,25,,
20,Top-Down,5,6.0,6324.5
20,Imp BU,2,29.0,457.5
20,Real,19,,
20,Top-Down,5,6.0,5714.5
20,Imp BU,2,45.0,557.5
20,Real,20,,
20,Top-Down,5,8.0,5939.5
20,Imp BU,3,40.0,506.0
20,Real,19,,
20,Top-Down,7,9.0,6575.5
20,Imp BU,2,30.0,398.0
20,Real,21,,
20,Top-Down,6,7.0,5781.0
20,Imp BU,4,35.0,370.5
20,Real,18,,
20,Top-Down,5,6.0,6246.5
20,Imp BU,4,37.0,430.5
20,Real,19,,
20,Top-Down,4,4.0,5504.0
20,Imp BU,3,14.0,193.0
20,Real,23,,
20,Top-Down,6,7.0,5716.0
20,Imp BU,5,16.0,250.0
20,Real,14,,
20,Top-Down,3,5.0,5593.5
20,Imp BU,2,38.0,805.0
20,Real,18,,
20,Top-Down,8,9.0,5168.0
20,Imp BU,1,27.0,534.5
20,Real,23,,
20,Top-Down,8,8.0,6737.0
20,Imp BU,5,72.0,1100.0
20,Real,13,,
20,Top-Down,4,5.0,5322.0
20,Imp BU,1,18.0,306.0
20,Real,12,,
20,Top-Down,3,3.0,5754.5
20,Imp BU,4,46.0,556.0
20,Real,16,,
20,Top-Down,7,8.0,6144.5
20,Imp BU,1,46.0,865.0
20,Real,12,,
20,Top-Down,6,6.0,6069.0
20,Imp BU,5,54.0,592.0
20,Real,17,,
20,Top-Down,2,2.0,6223.0
20,Imp BU,3,80.0,1255.0
20,Real,21,,
20,Top-Down,4,4.0,5676.0
20,Imp BU,5,55.0,627.5
20,Real,17,,
20,Top-Down,6,7.0,5758.0
20,Imp BU,5,44.0,571.0
20,Real,20,,
20,Top-Down,5,8.0,6516.5
20,Imp BU,7,59.0,982.5
20,Real,17,,
20,Top-Down,5,5.0,5498.5
20,Imp BU,2,22.0,222.0
20,Real,17,,
20,Top-Down,2,4.0,6075.0
20,Imp BU,5,26.0,448.0
20,Real,20,,
20,Top-Down,5,5.0,6991.5
20,Imp BU,7,64.0,743.0
20,Real,17,,
20,Top-Down,5,6.0,5987.5
20,Imp BU,3,28.0,574.0
20,Real,19,,
20,Top-Down,4,4.0,5554.0
20,Imp BU,2,38.0,654.0
20,Real,13,,
20,Top-Down,4,4.0,6233.0
20,Imp BU,4,27.0,361.5
20,Real,12,,
20,Top-Down,6,6.0,4805.0
20,Imp BU,2,45.0,845.5
20,Real,15,,
20,Top-Down,6,6.0,6232.0
20,Imp BU,3,48.0,660.0
20,Real,17,,
20,Top-Down,3,3.0,6005.5
20,Imp BU,3,40.0,490.0
20,Real,16,,
20,Top-Down,1,1.0,6566.5
20,Imp BU,2,33.0,636.5
20,Real,20,,
20,Top-Down,6,6.0,6445.0
20,Imp BU,2,29.0,532.5
20,Real,27,,
20,Top-Down,5,5.0,7530.5
20,Imp BU,4,56.0,899.0
20,Real,12,,
20,Top-Down,4,5.0,5167.0
20,Imp BU,4,26.0,316.0
20,Real,15,,
20,Top-Down,7,10.0,5375.5
20,Imp BU,2,49.0,573.5
20,Real,17,,
20,Top-Down,8,9.0,6964.0
20,Imp BU,5,37.0,464.5
20,Real,17,,
20,Top-Down,8,9.0,5655.0
20,Imp BU,2,31.0,348.5
20,Real,21,,
20,Top-Down,5,6.0,6168.5
20,Imp BU,5,57.0,628.5
20,Real,18,,
20,Top-Down,4,7.0,5882.0
20,Imp BU,3,32.0,380.0
20,Real,14,,
20,Top-Down,5,5.0,4658.5
20,Imp BU,4,23.0,263.5
20,Real,10,,
20,Top-Down,3,3.0,4631.5
20,Imp BU,4,34.0,441.0
20,Real,21,,
20,Top-Down,5,5.0,5697.5
20,Imp BU,3,8.0,98.0
20,Real,21,,
20,Top-Down,11,11.0,5777.5
20,Imp BU,1,43.0,785.5
20,Real,21,,
20,Top-Down,6,6.0,5901.0
20,Imp BU,1,12.0,125.0
20,Real,23,,
20,Top-Down,6,8.0,6396.0
20,Imp BU,4,38.0,472.0
20,Real,13,,
20,Top-Down,4,4.0,5833.0
20,Imp BU,4,59.0,844.5
20,Real,22,,
20,Top-Down,3,4.0,7049.5
20,Imp BU,9,77.0,1103.5
20,Real,17,,
20,Top-Down,6,7.0,5178.0
20,Imp BU,5,55.0,742.5
20,Real,21,,
20,Top-Down,5,5.0,5992.5
20,Imp BU,2,44.0,846.0
20,Real,17,,
20,Top-Down,7,11.0,6654.5
20,Imp BU,3,31.0,415.5
20,Real,15,,
20,Top-Down,6,6.0,4973.0
20,Imp BU,1,39.0,874.5
20,Real,13,,
20,Top-Down,3,3.0,4662.5
20,Imp BU,4,36.0,451.0
20,Real,19,,
20,Top-Down,6,6.0,5891.0
20,Imp BU,2,47.0,607.5
20,Real,19,,
20,Top-Down,4,5.0,6966.0
20,Imp BU,4,61.0,994.5
20,Real,19,,
20,Top-Down,6,6.0,5426.0
20,Imp BU,3,32.0,503.0
20,Real,13,,
20,Top-Down,4,4.0,6283.0
20,Imp BU,4,46.0,872.0
20,Real,22,,
20,Top-Down,5,6.0,7160.5
20,Imp BU,3,47.0,795.5
20,Real,20,,
20,Top-Down,3,3.0,6487.5
20,Imp BU,5,43.0,558.5
20,Real,14,,
20,Top-Down,5,5.0,5412.5
20,Imp BU,5,32.0,324.0
20,Real,15,,
20,Top-Down,5,5.0,6684.5
20,Imp BU,4,36.0,528.0
20,Real,26,,
20,Top-Down,1,3.0,7029.5
20,Imp BU,5,58.0,806.0
20,Real,19,,
20,Top-Down,3,4.0,6764.5
20,Imp BU,1,22.0,240.0
20,Real,20,,
20,Top-Down,7,9.0,7127.5
20,Imp BU,3,34.0,428.0
20,Real,15,,
20,Top-Down,3,5.0,6601.5
20,Imp BU,2,32.0,584.0
20,Real,15,,
20,Top-Down,4,5.0,6433.0
20,Imp BU,6,32.0,471.0
20,Real,22,,
20,Top-Down,3,3.0,6342.5
20,Imp BU,3,38.0,443.0
20,Real,18,,
20,Top-Down,3,4.0,6422.5
20,Imp BU,3,36.0,513.25
20,Real,17,,
20,Top-Down,7,9.0,5978.5
20,Imp BU,4,36.0,566.0
20,Real,18,,
20,Top-Down,6,7.0,6636.0
20,Imp BU,5,60.0,843.0
20,Real,14,,
20,Top-Down,6,6.0,5743.0
20,Imp BU,3,6.0,65.0
20,Real,17,,
20,Top-Down,3,4.0,7373.5
20,Imp BU,4,32.0,582.0
20,Real,18,,
20,Top-Down,9,11.0,6063.5
20,Imp BU,2,36.0,530.0
20,Real,17,,
20,Top-Down,6,6.0,5661.0
20,Imp BU,3,17.0,240.5
20,Real,20,,
20,Top-Down,3,5.0,6496.5
20,Imp BU,2,18.0,214.0
20,Real,21,,
20,Top-Down,5,8.0,6800.5
20,Imp BU,3,3.0,31.5
20,Real,17,,
20,Top-Down,7,8.0,6618.5
20,Imp BU,4,36.0,409.0
20,Real,16,,
20,Top-Down,2,2.0,5729.0
20,Imp BU,4,67.0,888.5
20,Real,15,,
20,Top-Down,2,2.0,5997.0
20,Imp BU,2,24.0,324.0
20,Real,12,,
20,Top-Down,2,2.0,5445.0
20,Imp BU,5,36.0,430.0
20,Real,20,,
20,Top-Down,7,7.0,5788.5
20,Imp BU,4,29.0,298.5
20,Real,19,,
20,Top-Down,6,6.0,5787.0
20,Imp BU,3,53.0,887.5
20,Real,19,,
20,Top-Down,4,4.0,5534.0
20,Imp BU,5,34.0,394.0
20,Real,19,,
20,Top-Down,7,7.0,5205.5
20,Imp BU,3,44.0,642.0
20,Real,17,,
20,Top-Down,4,4.0,6979.0
20,Imp BU,5,79.0,1044.5
20,Real,17,,
20,Top-Down,4,4.0,5991.0
20,Imp BU,4,46.0,538.0
20,Real,22,,
20,Top-Down,6,7.0,6113.0
20,Imp BU,4,24.0,417.0
20,Real,20,,
20,Top-Down,5,5.0,5654.5
20,Imp BU,1,32.0,586.0
20,Real,19,,
20,Top-Down,3,4.0,7149.5
20,Imp BU,5,44.0,732.0
20,Real,25,,
20,Top-Down,5,5.0,6964.5
20,Imp BU,3,26.0,553.0
20,Real,19,,
20,Top-Down,5,8.0,7270.5
20,Imp BU,2,18.0,305.0
20,Real,18,,
20,Top-Down,3,3.0,6176.5
20,Imp BU,2,36.0,480.0
20,Real,16,,
20,Top-Down,4,5.0,6188.0
20,Imp BU,4,67.0,858.625
20,Real,17,,
20,Top-Down,3,4.0,6396.5
20,Imp BU,5,57.0,736.5
20,Real,18,,
20,Top-Down,2,4.0,5659.0
20,Imp BU,3,23.0,282.5
20,Real,9,,
20,Top-Down,5,5.0,5178.5
20,Imp BU,4,56.0,700.0
20,Real,18,,
20,Top-Down,2,3.0,6110.0
20,Imp BU,4,56.0,738.0
20,Real,21,,
20,Top-Down,8,11.0,6053.0
20,Imp BU,2,43.0,563.5
20,Real,23,,
20,Top-Down,4,4.0,6643.0
20,Imp BU,5,51.0,577.5
20,Real,16,,
20,Top-Down,4,5.0,5847.0
20,Imp BU,3,39.0,497.5
20,Real,14,,
20,Top-Down,5,6.0,4959.5
20,Imp BU,2,29.0,368.5
20,Real,15,,
20,Top-Down,9,11.0,5454.5
20,Imp BU,3,36.0,588.25
20,Real,20,,
20,Top-Down,5,5.0,6428.5
20,Imp BU,6,63.0,879.5
20,Real,16,,
20,Top-Down,6,8.0,5779.0
20,Imp BU,3,23.0,250.5
20,Real,19,,
20,Top-Down,4,4.0,6450.0
20,Imp BU,4,51.0,710.5
20,Real,16,,
20,Top-Down,4,4.0,5952.0
20,Imp BU,4,29.0,299.0
20,Real,16,,
20,Top-Down,8,8.0,5384.0
20,Imp BU,7,32.0,467.0
20,Real,15,,
20,Top-Down,5,5.0,4797.5
20,Imp BU,9,40.0,533.0
20,Real,15,,
20,Top-Down,5,5.0,5553.5
20,Imp BU,5,17.0,201.5
20,Real,14,,
20,Top-Down,9,9.0,5784.5
20,Imp BU,3,56.0,688.25
20,Real,18,,
20,Top-Down,7,7.0,6075.5
20,Imp BU,2,26.0,360.0
20,Real,13,,
20,Top-Down,4,4.0,6059.0
20,Imp BU,2,37.0,548.5
20,Real,21,,
20,Top-Down,7,8.0,6697.5
20,Imp BU,1,37.0,604.5
20,Real,22,,
20,Top-Down,9,9.0,5806.5
20,Imp BU,4,31.0,340.5
20,Real,20,,
20,Top-Down,5,7.0,6747.5
20,Imp BU,3,11.0,107.5
20,Real,19,,
20,Top-Down,5,7.0,6801.5
20,Imp BU,7,41.0,701.5
20,Real,19,,
20,Top-Down,3,6.0,6354.5
20,Imp BU,4,36.0,406.0
20,Real,18,,
20,Top-Down,5,5.0,5682.5
20,Imp BU,4,27.0,368.5
20,Real,20,,
20,Top-Down,4,4.0,5778.0
20,Imp BU,4,55.0,738.5
20,Real,18,,
20,Top-Down,5,5.0,6011.5
20,Imp BU,2,34.0,409.0
20,Real,16,,
20,Top-Down,9,9.0,4783.5
20,Imp BU,2,25.0,294.5
20,Real,15,,
20,Top-Down,5,5.0,6298.5
20,Imp BU,3,45.0,555.5
20,Real,20,,
20,Top-Down,7,7.0,6509.5
20,Imp BU,6,67.0,863.5
20,Real,13,,
20,Top-Down,5,5.0,5904.5
20,Imp BU,2,28.0,328.0
20,Real,23,,
20,Top-Down,6,8.0,6427.0
20,Imp BU,5,55.0,697.5
20,Real,21,,
20,Top-Down,4,5.0,6972.0
20,Imp BU,2,34.0,470.0
20,Real,22,,
20,Top-Down,7,7.0,6165.5
20,Imp BU,4,55.0,1052.5
20,Real,23,,
20,Top-Down,3,6.0,6871.5
20,Imp BU,6,84.0,1048.25
20,Real,14,,
20,Top-Down,4,4.0,5566.0
20,Imp BU,4,43.0,555.5
20,Real,19,,
20,Top-Down,7,7.0,6097.5
20,Imp BU,1,32.0,510.0
20,Real,22,,
20,Top-Down,8,9.0,5830.0
20,Imp BU,6,10.0,117.0
30,Real,19,,
30,Top-Down,5,5.0,6411.5
30,Imp BU,4,71.0,1087.5
30,Real,20,,
30,Top-Down,5,5.0,6053.5
30,Imp BU,1,45.0,629.5
30,Real,13,,
30,Top-Down,5,5.0,4638.5
30,Imp BU,3,37.0,497.5
30,Real,16,,
30,Top-Down,6,6.0,5315.0
30,Imp BU,3,55.0,968.5
30,Real,17,,
30,Top-Down,5,6.0,5492.5
30,Imp BU,2,29.0,556.5
30,Real,17,,
30,Top-Down,8,8.0,6506.0
30,Imp BU,4,51.0,670.5
30,Real,18,,
30,Top-Down,5,7.0,6519.5
30,Imp BU,2,40.0,543.0
30,Real,17,,
30,Top-Down,3,3.0,6959.5
30,Imp BU,3,26.0,497.0
30,Real,19,,
30,Top-Down,1,1.0,6285.5
30,Imp BU,3,47.0,659.5
30,Real,14,,
30,Top-Down,5,5.0,6595.5
30,Imp BU,4,52.0,644.0
30,Real,14,,
30,Top-Down,1,4.0,6452.5
30,Imp BU,5,42.0,957.375
30,Real,14,,
30,Top-Down,6,6.0,6238.0
30,Imp BU,2,51.0,613.5
30,Real,19,,
30,Top-Down,7,7.0,5331.5
30,Imp BU,2,44.0,568.0
30,Real,14,,
30,Top-Down,3,3.0,4901.5
30,Imp BU,6,61.0,672.5
30,Real,19,,
30,Top-Down,3,3.0,6100.5
30,Imp BU,3,42.0,459.0
30,Real,14,,
30,Top-Down,2,2.0,5658.0
30,Imp BU,2,34.0,477.0
30,Real,16,,
30,Top-Down,5,5.0,6176.5
30,Imp BU,2,35.0,433.5
30,Real,20,,
30,Top-Down,5,5.0,6962.5
30,Imp BU,4,58.0,844.0
30,Real,20,,
30,Top-Down,7,7.0,6002.5
30,Imp BU,2,21.0,205.5
30,Real,19,,
30,Top-Down,6,7.0,6007.0
30,Imp BU,3,52.0,667.0
30,Real,24,,
30,Top-Down,3,7.0,6697.5
30,Imp BU,4,32.0,359.0
30,Real,17,,
30,Top-Down,4,5.0,5334.0
30,Imp BU,3,28.0,338.0
30,Real,18,,
30,Top-Down,6,7.0,5800.0
30,Imp BU,2,46.0,882.0
30,Real,13,,
30,Top-Down,4,6.0,5295.0
30,Imp BU,2,43.0,681.5
30,Real,26,,
30,Top-Down,8,8.0,6427.0
30,Imp BU,3,64.0,973.0
30,Real,18,,
30,Top-Down,3,3.0,6329.5
30,Imp BU,3,42.0,536.0
30,Real,13,,
30,Top-Down,9,9.0,5462.5
30,Imp BU,3,19.0,196.0
30,Real,19,,
30,Top-Down,2,5.0,6751.0
30,Imp BU,1,25.0,344.5
30,Real,17,,
30,Top-Down,10,11.0,5363.0
30,Imp BU,3,28.0,373.0
30,Real,23,,
30,Top-Down,5,6.0,5545.5
30,Imp BU,2,28.0,355.0
30,Real,23,,
30,Top-Down,5,5.0,6501.5
30,Imp BU,5,54.0,737.0
30,Real,18,,
30,Top-Down,5,5.0,5617.5
30,Imp BU,2,46.0,734.0
30,Real,15,,
30,Top-Down,5,5.0,5211.5
30,Imp BU,5,48.0,534.0
30,Real,16,,
30,Top-Down,6,6.0,5006.0
30,Imp BU,3,67.0,872.5
30,Real,19,,
30,Top-Down,2,4.0,7008.0
30,Imp BU,3,36.0,488.0
30,Real,16,,
30,Top-Down,3,3.0,6062.5
30,Imp BU,10,18.0,189.0
30,Real,19,,
30,Top-Down,5,5.0,5443.5
30,Imp BU,3,69.0,1077.5
30,Real,17,,
30,Top-Down,6,6.0,5502.0
30,Imp BU,3,45.0,771.5
30,Real,18,,
30,Top-Down,4,6.0,6312.0
30,Imp BU,3,38.0,518.0
30,Real,13,,
30,Top-Down,5,5.0,4986.5
30,Imp BU,1,34.0,622.0
30,Real,15,,
30,Top-Down,5,9.0,5253.5
30,Imp BU,3,26.0,384.0
30,Real,17,,
30,Top-Down,5,6.0,5245.5
30,Imp BU,2,34.0,524.0
30,Real,12,,
30,Top-Down,3,3.0,6084.5
30,Imp BU,3,63.0,662.5
30,Real,18,,
30,Top-Down,4,4.0,6010.0
30,Imp BU,6,20.0,264.0
30,Real,17,,
30,Top-Down,5,5.0,5899.5
30,Imp BU,4,57.0,982.5
30,Real,17,,
30,Top-Down,4,4.0,5402.0
30,Imp BU,4,23.0,256.5
30,Real,12,,
30,Top-Down,6,6.0,4555.0
30,Imp BU,1,43.0,554.5
30,Real,24,,
30,Top-Down,10,10.0,7556.0
30,Imp BU,9,62.0,707.0
30,Real,16,,
30,Top-Down,4,4.0,5857.0
30,Imp BU,4,50.0,703.0
30,Real,19,,
30,Top-Down,9,9.0,6461.5
30,Imp BU,2,63.0,723.875
30,Real,20,,
30,Top-Down,6,7.0,6450.0
30,Imp BU,3,79.0,1030.5
30,Real,16,,
30,Top-Down,5,5.0,5797.5
30,Imp BU,4,32.0,438.0
30,Real,13,,
30,Top-Down,2,3.0,5013.0
30,Imp BU,2,22.0,296.0
30,Real,16,,
30,Top-Down,5,5.0,6594.5
30,Imp BU,6,56.0,749.0
30,Real,17,,
30,Top-Down,7,7.0,5607.5
30,Imp BU,3,43.0,613.5
30,Real,19,,
30,Top-Down,2,3.0,5924.0
30,Imp BU,3,33.0,385.5
30,Real,18,,
30,Top-Down,7,7.0,5692.5
30,Imp BU,4,46.0,511.0
30,Real,14,,
30,Top-Down,3,4.0,5391.5
30,Imp BU,6,36.0,446.0
30,Real,22,,
30,Top-Down,6,7.0,6528.0
30,Imp BU,6,48.0,663.0
30,Real,19,,
30,Top-Down,10,10.0,6266.0
30,Imp BU,3,50.0,756.0
30,Real,27,,
30,Top-Down,6,9.0,7524.0
30,Imp BU,5,75.0,993.5
30,Real,15,,
30,Top-Down,6,6.0,5082.0
30,Imp BU,2,13.0,200.5
30,Real,19,,
30,Top-Down,5,6.0,5778.5
30,Imp BU,1,23.0,328.5
30,Real,19,,
30,Top-Down,5,6.0,6125.5
30,Imp BU,3,37.0,574.5
30,Real,19,,
30,Top-Down,4,7.0,6638.0
30,Imp BU,1,25.0,252.5
30,Real,16,,
30,Top-Down,3,6.0,6005.5
30,Imp BU,3,29.0,426.5
30,Real,22,,
30,Top-Down,8,8.0,6448.0
30,Imp BU,3,29.0,359.5
30,Real,18,,
30,Top-Down,3,3.0,5902.5
30,Imp BU,5,74.0,1129.0
30,Real,26,,
30,Top-Down,12,13.0,6370.0
30,Imp BU,5,48.0,622.0
30,Real,21,,
30,Top-Down,7,7.0,5826.5
30,Imp BU,2,60.0,816.0
30,Real,14,,
30,Top-Down,4,4.0,5302.0
30,Imp BU,5,49.0,763.5
30,Real,20,,
30,Top-Down,3,4.0,7695.5
30,Imp BU,3,68.0,957.0
30,Real,21,,
30,Top-Down,7,7.0,6398.5
30,Imp BU,2,61.0,870.5
30,Real,20,,
30,Top-Down,8,8.0,5710.0
30,Imp BU,2,10.0,97.0
30,Real,15,,
30,Top-Down,7,7.0,5874.5
30,Imp BU,3,50.0,618.0
30,Real,17,,
30,Top-Down,7,7.0,5114.5
30,Imp BU,3,38.0,504.0
30,Real,23,,
30,Top-Down,6,7.0,6045.0
30,Imp BU,6,63.0,724.5
30,Real,14,,
30,Top-Down,2,4.0,6525.0
30,Imp BU,5,19.0,324.5
30,Real,19,,
30,Top-Down,5,6.0,5924.5
30,Imp BU,4,30.0,330.0
30,Real,15,,
30,Top-Down,4,5.0,5011.0
30,Imp BU,1,35.0,569.5
30,Real,20,,
30,Top-Down,9,11.0,5690.5
30,Imp BU,4,35.0,436.5
30,Real,17,,
30,Top-Down,2,4.0,6552.0
30,Imp BU,5,25.0,328.5
30,Real,21,,
30,Top-Down,6,6.0,5543.0
30,Imp BU,4,24.0,354.0
30,Real,20,,
30,Top-Down,8,10.0,6299.0
30,Imp BU,4,20.0,247.0
30,Real,16,,
30,Top-Down,3,4.0,5641.5
30,Imp BU,4,42.0,618.0
30,Real,22,,
30,Top-Down,5,5.0,5981.5
30,Imp BU,4,25.0,251.5
30,Real,18,,
30,Top-Down,5,5.0,5772.5
30,Imp BU,7,49.0,691.5
30,Real,11,,
30,Top-Down,3,3.0,4771.5
30,Imp BU,1,26.0,435.0
30,Real,11,,
30,Top-Down,6,6.0,4850.0
30,Imp BU,3,39.0,555.625
30,Real,18,,
30,Top-Down,1,3.0,6835.5
30,Imp BU,1,48.0,922.0
30,Real,15,,
30,Top-Down,8,8.0,4879.0
30,Imp BU,2,45.0,746.5
30,Real,21,,
30,Top-Down,6,6.0,6176.0
30,Imp BU,3,46.0,677.0
30,Real,21,,
30,Top-Down,5,6.0,5471.5
30,Imp BU,3,54.0,681.0
30,Real,15,,
30,Top-Down,3,8.0,5730.5
30,Imp BU,3,33.0,430.5
30,Real,17,,
30,Top-Down,8,9.0,5585.0
30,Imp BU,8,25.0,397.5
30,Real,12,,
30,Top-Down,4,6.0,4538.0
30,Imp BU,4,26.0,278.0
30,Real,23,,
30,Top-Down,5,5.0,6880.5
30,Imp BU,7,58.0,697.0
30,Real,21,,
30,Top-Down,5,7.0,7377.5
30,Imp BU,4,64.0,943.0
30,Real,18,,
30,Top-Down,3,4.0,6630.5
30,Imp BU,9,71.0,767.5
30,Real,20,,
30,Top-Down,7,7.0,6270.5
30,Imp BU,3,59.0,881.5
30,Real,17,,
30,Top-Down,5,5.0,6407.5
30,Imp BU,4,35.0,478.5
30,Real,21,,
30,Top-Down,7,8.0,6852.5
30,Imp BU,5,69.0,970.5
30,Real,14,,
30,Top-Down,6,6.0,5969.0
30,Imp BU,4,36.0,408.0
30,Real,14,,
30,Top-Down,3,4.0,5369.5
30,Imp BU,1,25.0,468.5
30,Real,10,,
30,Top-Down,4,4.0,4692.0
30,Imp BU,5,24.0,277.0
30,Real,17,,
30,Top-Down,5,5.0,5501.5
30,Imp BU,1,21.0,273.5
30,Real,17,,
30,Top-Down,4,5.0,5671.0
30,Imp BU,1,26.0,354.0
30,Real,18,,
30,Top-Down,7,7.0,5557.5
30,Imp BU,2,39.0,635.5
30,Real,22,,
30,Top-Down,8,8.0,5882.0
30,Imp BU,3,32.0,434.0
30,Real,13,,
30,Top-Down,4,4.0,5766.0
30,Imp BU,5,18.0,190.0
30,Real,16,,
30,Top-Down,5,6.0,5420.5
30,Imp BU,2,32.0,532.0
30,Real,21,,
30,Top-Down,5,6.0,6816.5
30,Imp BU,3,40.0,571.0
30,Real,17,,
30,Top-Down,5,6.0,5950.5
30,Imp BU,2,38.0,603.0
30,Real,10,,
30,Top-Down,3,3.0,4711.5
30,Imp BU,1,27.0,539.5
30,Real,16,,
30,Top-Down,8,8.0,4807.0
30,Imp BU,4,21.0,232.5
30,Real,16,,
30,Top-Down,6,6.0,4971.0
30,Imp BU,5,36.0,500.0
30,Real,15,,
30,Top-Down,4,4.0,5829.0
30,Imp BU,5,47.0,675.75
30,Real,17,,
30,Top-Down,6,6.0,5287.0
30,Imp BU,2,33.0,410.5
30,Real,12,,
30,Top-Down,1,1.0,4902.5
30,Imp BU,1,24.0,325.0
30,Real,21,,
30,Top-Down,7,8.0,6143.5
30,Imp BU,3,44.0,578.0
30,Real,19,,
30,Top-Down,8,8.0,6139.0
30,Imp BU,4,54.0,1019.0
30,Real,22,,
30,Top-Down,5,6.0,6284.5
30,Imp BU,3,11.0,194.5
30,Real,11,,
30,Top-Down,5,5.0,5030.5
30,Imp BU,5,28.0,365.0
30,Real,19,,
30,Top-Down,7,9.0,6062.5
30,Imp BU,4,42.0,545.0
30,Real,16,,
30,Top-Down,3,4.0,7293.5
30,Imp BU,5,48.0,781.0
30,Real,12,,
30,Top-Down,3,4.0,6444.5
30,Imp BU,7,42.0,603.0
30,Real,15,,
30,Top-Down,3,3.0,5686.5
30,Imp BU,5,62.0,926.0
30,Real,17,,
30,Top-Down,4,4.0,6314.0
30,Imp BU,5,43.0,680.5
30,Real,22,,
30,Top-Down,2,2.0,5552.0
30,Imp BU,2,24.0,389.0
30,Real,18,,
30,Top-Down,11,11.0,5686.5
30,Imp BU,4,41.0,595.5
30,Real,21,,
30,Top-Down,4,7.0,6718.0
30,Imp BU,3,48.0,758.0
30,Real,15,,
30,Top-Down,6,6.0,5808.0
30,Imp BU,3,88.0,1545.0
30,Real,19,,
30,Top-Down,4,5.0,5696.0
30,Imp BU,3,54.0,766.0
30,Real,22,,
30,Top-Down,3,4.0,6107.5
30,Imp BU,4,20.0,331.0
30,Real,21,,
30,Top-Down,4,5.0,5745.0
30,Imp BU,4,32.0,400.0
30,Real,25,,
30,Top-Down,7,9.0,7046.5
30,Imp BU,4,46.0,799.0
30,Real,21,,
30,Top-Down,3,3.0,7224.5
30,Imp BU,2,29.0,548.5
30,Real,10,,
30,Top-Down,4,4.0,4738.0
30,Imp BU,4,35.0,440.5
30,Real,14,,
30,Top-Down,7,8.0,5268.5
30,Imp BU,2,34.0,691.0
30,Real,18,,
30,Top-Down,4,4.0,5980.0
30,Imp BU,8,92.0,944.0
30,Real,14,,
30,Top-Down,3,3.0,5078.5
30,Imp BU,6,43.0,463.5
30,Real,20,,
30,Top-Down,3,4.0,6837.5
30,Imp BU,5,33.0,383.5
30,Real,17,,
30,Top-Down,6,6.0,6223.0
30,Imp BU,4,27.0,278.5
30,Real,22,,
30,Top-Down,8,9.0,6330.0
30,Imp BU,1,37.0,484.5
30,Real,16,,
30,Top-Down,5,5.0,6194.5
30,Imp BU,1,28.0,432.0
30,Real,15,,
30,Top-Down,7,7.0,6015.5
30,Imp BU,2,22.0,261.0
30,Real,17,,
30,Top-Down,6,6.0,5460.0
30,Imp BU,2,13.0,155.5
30,Real,15,,
30,Top-Down,5,5.0,5932.5
30,Imp BU,4,32.0,388.0
30,Real,22,,
30,Top-Down,5,6.0,7187.5
30,Imp BU,5,34.0,542.0
30,Real,15,,
30,Top-Down,3,4.0,4965.5
30,Imp BU,2,30.0,367.0
30,Real,15,,
30,Top-Down,5,5.0,5269.5
30,Imp BU,3,45.0,700.5
30,Real,21,,
30,Top-Down,7,7.0,6605.5
30,Imp BU,4,25.0,288.5
30,Real,21,,
30,Top-Down,5,6.0,6308.5
30,Imp BU,8,23.0,228.75
30,Real,17,,
30,Top-Down,5,5.0,5686.5
30,Imp BU,3,44.0,570.0
30,Real,14,,
30,Top-Down,4,5.0,6153.0
30,Imp BU,6,40.0,486.0
30,Real,17,,
30,Top-Down,4,5.0,5804.0
30,Imp BU,6,53.0,624.5
30,Real,15,,
30,Top-Down,4,9.0,5509.0
30,Imp BU,5,26.0,275.0
30,Real,22,,
30,Top-Down,8,9.0,6560.0
30,Imp BU,4,13.0,175.5
30,Real,20,,
30,Top-Down,2,3.0,6111.0
30,Imp BU,3,52.0,856.0
30,Real,21,,
30,Top-Down,10,10.0,5427.0
30,Imp BU,3,20.0,232.0
30,Real,16,,
30,Top-Down,4,4.0,5348.0
30,Imp BU,3,29.0,425.5
30,Real,15,,
30,Top-Down,3,3.0,6096.5
30,Imp BU,2,18.0,313.0
30,Real,19,,
30,Top-Down,5,5.0,6145.5
30,Imp BU,2,10.0,105.0
30,Real,23,,
30,Top-Down,3,5.0,7412.5
30,Imp BU,1,9.0,104.5
30,Real,22,,
30,Top-Down,5,5.0,6756.5
30,Imp BU,1,26.0,320.0
30,Real,22,,
30,Top-Down,6,8.0,6049.0
30,Imp BU,2,34.0,523.25
30,Real,16,,
30,Top-Down,8,8.0,4740.0
30,Imp BU,1,17.0,183.5
30,Real,17,,
30,Top-Down,4,4.0,6157.0
30,Imp BU,4,40.0,494.0
30,Real,19,,
30,Top-Down,4,5.0,7014.0
30,Imp BU,4,32.0,436.0
30,Real,13,,
30,Top-Down,5,5.0,5107.5
30,Imp BU,3,46.0,521.0
30,Real,19,,
30,Top-Down,4,5.0,6143.0
30,Imp BU,2,35.0,748.5
30,Real,23,,
30,Top-Down,7,7.0,6289.5
30,Imp BU,2,42.0,735.0
30,Real,20,,
30,Top-Down,7,7.0,6241.5
30,Imp BU,2,42.0,448.0
30,Real,16,,
30,Top-Down,6,6.0,5347.0
30,Imp BU,2,29.0,400.5
30,Real,15,,
30,Top-Down,6,6.0,5672.0
30,Imp BU,2,28.0,409.0
30,Real,14,,
30,Top-Down,5,5.0,5148.5
30,Imp BU,2,42.0,449.0
30,Real,17,,
30,Top-Down,5,5.0,6428.5
30,Imp BU,4,25.0,274.5
30,Real,18,,
30,Top-Down,4,5.0,5846.0
30,Imp BU,2,38.0,582.0
30,Real,13,,
30,Top-Down,3,3.0,5019.5
30,Imp BU,5,27.0,303.5
30,Real,22,,
30,Top-Down,6,7.0,6944.0
30,Imp BU,4,49.0,560.625
30,Real,18,,
30,Top-Down,6,8.0,6607.0
30,Imp BU,4,46.0,636.125
30,Real,19,,
30,Top-Down,9,10.0,6331.5
30,Imp BU,3,39.0,626.5
30,Real,14,,
30,Top-Down,4,5.0,4883.0
30,Imp BU,1,13.0,169.5
30,Real,16,,
30,Top-Down,6,7.0,6177.0
30,Imp BU,5,24.0,278.0
30,Real,17,,
30,Top-Down,7,8.0,6326.5
30,Imp BU,4,43.0,645.5
30,Real,18,,
30,Top-Down,4,5.0,6416.0
30,Imp BU,3,36.0,577.0
30,Real,21,,
30,Top-Down,7,7.0,5546.5
30,Imp BU,4,19.0,313.5
30,Real,13,,
30,Top-Down,6,8.0,6327.0
30,Imp BU,3,47.0,651.5
30,Real,22,,
30,Top-Down,6,8.0,7109.0
30,Imp BU,7,62.0,782.0
30,Real,22,,
30,Top-Down,7,7.0,6647.5
30,Imp BU,2,36.0,553.0
30,Real,21,,
30,Top-Down,3,5.0,5912.5
30,Imp BU,4,40.0,652.0
30,Real,18,,
30,Top-Down,7,7.0,5621.5
30,Imp BU,2,30.0,434.0
30,Real,17,,
30,Top-Down,8,8.0,6367.0
30,Imp BU,2,33.0,428.625
30,Real,18,,
30,Top-Down,6,6.0,5720.0
30,Imp BU,5,70.0,780.0
30,Real,12,,
30,Top-Down,3,4.0,5328.5
30,Imp BU,4,43.0,727.5
30,Real,15,,
30,Top-Down,4,5.0,5562.0
30,Imp BU,2,38.0,550.0
30,Real,21,,
30,Top-Down,5,5.0,6426.5
30,Imp BU,5,44.0,473.0
30,Real,20,,
30,Top-Down,5,5.0,6891.5
30,Imp BU,3,39.0,603.5
30,Real,17,,
30,Top-Down,3,4.0,6261.5
30,Imp BU,2,48.0,722.0
30,Real,20,,
30,Top-Down,7,10.0,7839.5
30,Imp BU,4,54.0,701.5
40,Real,12,,
40,Top-Down,3,3.0,5270.5
40,Imp BU,2,33.0,525.5
40,Real,20,,
40,Top-Down,5,5.0,6022.5
40,Imp BU,3,41.0,472.5
40,Real,17,,
40,Top-Down,7,7.0,5971.5
40,Imp BU,4,41.0,573.5
40,Real,22,,
40,Top-Down,8,8.0,5523.0
40,Imp BU,3,21.0,281.5
40,Real,18,,
40,Top-Down,5,7.0,5438.5
40,Imp BU,3,33.0,477.5
40,Real,11,,
40,Top-Down,3,3.0,5260.5
40,Imp BU,1,19.0,286.5
40,Real,17,,
40,Top-Down,4,4.0,6010.0
40,Imp BU,2,25.0,468.5
40,Real,16,,
40,Top-Down,2,4.0,5734.0
40,Imp BU,2,63.0,954.625
40,Real,18,,
40,Top-Down,4,6.0,6178.0
40,Imp BU,3,36.0,614.0
40,Real,15,,
40,Top-Down,5,6.0,6696.5
40,Imp BU,4,41.0,563.5
40,Real,12,,
40,Top-Down,4,4.0,6178.0
40,Imp BU,4,43.0,418.625
40,Real,18,,
40,Top-Down,4,4.0,6353.0
40,Imp BU,6,34.0,360.0
40,Real,21,,
40,Top-Down,5,5.0,6425.5
40,Imp BU,5,47.0,488.5
40,Real,18,,
40,Top-Down,8,8.0,5723.0
40,Imp BU,3,43.0,609.5
40,Real,23,,
40,Top-Down,5,5.0,6220.5
40,Imp BU,3,36.0,423.0
40,Real,13,,
40,Top-Down,5,5.0,6554.5
40,Imp BU,3,53.0,769.5
40,Real,21,,
40,Top-Down,7,9.0,5490.5
40,Imp BU,4,28.0,403.0
40,Real,16,,
40,Top-Down,7,7.0,6717.5
40,Imp BU,5,63.0,759.5
40,Real,19,,
40,Top-Down,6,6.0,5816.0
40,Imp BU,5,10.0,96.0
40,Real,26,,
40,Top-Down,3,3.0,7320.5
40,Imp BU,2,43.0,778.5
40,Real,14,,
40,Top-Down,5,5.0,5352.5
40,Imp BU,1,23.0,291.5
40,Real,12,,
40,Top-Down,4,4.0,5018.0
40,Imp BU,3,13.0,169.5
40,Real,13,,
40,Top-Down,3,4.0,5589.5
40,Imp BU,6,61.0,630.5
40,Real,14,,
40,Top-Down,4,4.0,5431.0
40,Imp BU,3,61.0,818.5
40,Real,20,,
40,Top-Down,5,5.0,5836.5
40,Imp BU,1,45.0,870.5
40,Real,19,,
40,Top-Down,3,5.0,7470.5
40,Imp BU,4,18.0,187.0
40,Real,18,,
40,Top-Down,6,6.0,5760.0
40,Imp BU,5,40.0,592.0
40,Real,14,,
40,Top-Down,3,3.0,6345.5
40,Imp BU,3,49.0,755.5
40,Real,17,,
40,Top-Down,3,3.0,5827.5
40,Imp BU,6,23.0,272.5
40,Real,14,,
40,Top-Down,7,7.0,5028.5
40,Imp BU,1,10.0,149.0
40,Real,21,,
40,Top-Down,4,5.0,6562.0
40,Imp BU,9,50.0,560.0
40,Real,17,,
40,Top-Down,8,8.0,5530.0
40,Imp BU,3,37.0,535.5
40,Real,16,,
40,Top-Down,5,6.0,6011.5
40,Imp BU,2,41.0,637.5
40,Real,18,,
40,Top-Down,5,5.0,6168.5
40,Imp BU,5,23.0,280.5
40,Real,19,,
40,Top-Down,5,7.0,6348.5
40,Imp BU,2,24.0,338.0
40,Real,15,,
40,Top-Down,5,5.0,6482.5
40,Imp BU,5,60.0,964.0
40,Real,13,,
40,Top-Down,6,6.0,5295.0
40,Imp BU,4,24.0,272.0
40,Real,18,,
40,Top-Down,3,3.0,6382.5
40,Imp BU,4,36.0,439.0
40,Real,15,,
40,Top-Down,4,5.0,5276.0
40,Imp BU,6,45.0,641.5
40,Real,19,,
40,Top-Down,2,3.0,5913.0
40,Imp BU,6,53.0,747.5
40,Real,17,,
40,Top-Down,4,4.0,6081.0
40,Imp BU,3,4.0,40.0
40,Real,20,,
40,Top-Down,5,5.0,7287.5
40,Imp BU,2,31.0,364.5
40,Real,20,,
40,Top-Down,3,3.0,6905.5
40,Imp BU,4,41.0,657.5
40,Real,10,,
40,Top-Down,3,3.0,5094.5
40,Imp BU,2,33.0,368.5
40,Real,23,,
40,Top-Down,7,7.0,6325.5
40,Imp BU,3,10.0,99.0
40,Real,19,,
40,Top-Down,2,2.0,5750.0
40,Imp BU,3,38.0,500.0
40,Real,14,,
40,Top-Down,5,5.0,5922.5
40,Imp BU,2,34.0,639.0
40,Real,19,,
40,Top-Down,6,6.0,5199.0
40,Imp BU,4,53.0,630.5
40,Real,20,,
40,Top-Down,3,3.0,6672.5
40,Imp BU,2,16.0,217.0
40,Real,17,,
40,Top-Down,4,4.0,6056.0
40,Imp BU,2,7.0,67.5
40,Real,15,,
40,Top-Down,4,4.0,5341.0
40,Imp BU,7,40.0,499.0
40,Real,22,,
40,Top-Down,6,7.0,7074.0
40,Imp BU,3,34.0,640.0
40,Real,18,,
40,Top-Down,4,6.0,6138.0
40,Imp BU,2,54.0,733.0
40,Real,11,,
40,Top-Down,5,5.0,4253.5
40,Imp BU,1,27.0,343.5
40,Real,13,,
40,Top-Down,6,6.0,4765.0
40,Imp BU,1,30.0,513.0
40,Real,18,,
40,Top-Down,5,5.0,6455.5
40,Imp BU,6,38.0,411.0
40,Real,12,,
40,Top-Down,1,1.0,4798.5
40,Imp BU,3,17.0,188.5
40,Real,26,,
40,Top-Down,7,8.0,7250.5
40,Imp BU,2,36.0,487.125
40,Real,17,,
40,Top-Down,5,6.0,7011.5
40,Imp BU,5,55.0,827.5
40,Real,20,,
40,Top-Down,2,2.0,5019.0
40,Imp BU,4,34.0,475.0
40,Real,18,,
40,Top-Down,3,4.0,5821.5
40,Imp BU,3,33.0,507.5
40,Real,20,,
40,Top-Down,4,4.0,5862.0
40,Imp BU,6,41.0,532.5
40,Real,18,,
40,Top-Down,6,7.0,5528.0
40,Imp BU,7,59.0,728.5
40,Real,18,,
40,Top-Down,5,5.0,6044.5
40,Imp BU,4,37.0,501.5
40,Real,12,,
40,Top-Down,3,3.0,5701.5
40,Imp BU,5,16.0,228.0
40,Real,24,,
40,Top-Down,8,9.0,6899.0
40,Imp BU,2,23.0,246.5
40,Real,18,,
40,Top-Down,4,5.0,5755.0
40,Imp BU,2,38.0,604.0
40,Real,16,,
40,Top-Down,6,8.0,5222.0
40,Imp BU,2,49.0,1004.5
40,Real,19,,
40,Top-Down,7,7.0,6094.5
40,Imp BU,2,33.0,374.5
40,Real,16,,
40,Top-Down,4,4.0,4534.0
40,Imp BU,2,44.0,639.0
40,Real,19,,
40,Top-Down,5,6.0,5867.5
40,Imp BU,3,59.0,790.5
40,Real,14,,
40,Top-Down,6,6.0,5826.0
40,Imp BU,3,39.0,694.5
40,Real,20,,
40,Top-Down,9,10.0,6150.5
40,Imp BU,5,83.0,1145.5
40,Real,20,,
40,Top-Down,4,5.0,5121.0
40,Imp BU,3,51.0,662.875
40,Real,16,,
40,Top-Down,3,4.0,5702.5
40,Imp BU,2,25.0,324.5
40,Real,14,,
40,Top-Down,4,5.0,5062.0
40,Imp BU,2,42.0,609.0
40,Real,15,,
40,Top-Down,9,9.0,6389.5
40,Imp BU,3,46.0,539.0
40,Real,16,,
40,Top-Down,3,3.0,6101.5
40,Imp BU,2,43.0,509.5
40,Real,14,,
40,Top-Down,2,3.0,5698.0
40,Imp BU,6,26.0,298.0
40,Real,11,,
40,Top-Down,4,4.0,4700.0
40,Imp BU,2,24.0,308.0
40,Real,17,,
40,Top-Down,6,6.0,6219.0
40,Imp BU,5,50.0,579.125
40,Real,12,,
40,Top-Down,4,4.0,5974.0
40,Imp BU,3,36.0,433.25
40,Real,18,,
40,Top-Down,7,7.0,5943.5
40,Imp BU,3,64.0,1136.0
40,Real,22,,
40,Top-Down,3,6.0,6962.5
40,Imp BU,5,30.0,346.0
40,Real,16,,
40,Top-Down,4,4.0,5486.0
40,Imp BU,3,23.0,276.5
40,Real,13,,
40,Top-Down,5,5.0,5115.5
40,Imp BU,3,24.0,320.0
40,Real,17,,
40,Top-Down,2,2.0,5723.0
40,Imp BU,2,29.0,418.5
40,Real,16,,
40,Top-Down,6,6.0,6433.0
40,Imp BU,2,32.0,543.0
40,Real,20,,
40,Top-Down,6,8.0,5896.0
40,Imp BU,8,51.0,665.5
40,Real,16,,
40,Top-Down,4,4.0,5544.0
40,Imp BU,2,16.0,180.0
40,Real,16,,
40,Top-Down,4,4.0,5638.0
40,Imp BU,3,61.0,772.5
40,Real,17,,
40,Top-Down,7,7.0,5679.5
40,Imp BU,4,21.0,276.5
40,Real,15,,
40,Top-Down,4,5.0,5456.0
40,Imp BU,1,18.0,259.0
40,Real,16,,
40,Top-Down,3,3.0,6704.5
40,Imp BU,3,38.0,658.0
40,Real,14,,
40,Top-Down,4,4.0,5650.0
40,Imp BU,4,49.0,908.5
40,Real,21,,
40,Top-Down,5,5.0,7028.5
40,Imp BU,2,38.0,614.0
40,Real,15,,
40,Top-Down,5,5.0,5062.5
40,Imp BU,4,28.0,497.0
40,Real,19,,
40,Top-Down,8,9.0,6546.0
40,Imp BU,2,35.0,485.5
40,Real,19,,
40,Top-Down,6,7.0,6438.0
40,Imp BU,4,26.0,337.0
40,Real,18,,
40,Top-Down,4,4.0,6415.0
40,Imp BU,8,44.0,715.25
40,Real,18,,
40,Top-Down,6,7.0,5333.0
40,Imp BU,2,8.0,85.0
40,Real,15,,
40,Top-Down,4,5.0,5722.0
40,Imp BU,3,27.0,385.5
40,Real,18,,
40,Top-Down,6,6.0,6137.0
40,Imp BU,3,30.0,331.0
40,Real,16,,
40,Top-Down,6,6.0,5277.0
40,Imp BU,3,36.0,381.0
40,Real,20,,
40,Top-Down,3,3.0,6824.5
40,Imp BU,4,37.0,521.5
40,Real,23,,
40,Top-Down,2,2.0,5561.0
40,Imp BU,4,53.0,686.5
40,Real,21,,
40,Top-Down,5,6.0,6086.5
40,Imp BU,3,46.0,665.0
40,Real,21,,
40,Top-Down,5,6.0,6728.5
40,Imp BU,5,8.0,79.0
40,Real,18,,
40,Top-Down,4,6.0,6817.0
40,Imp BU,2,24.0,251.0
40,Real,16,,
40,Top-Down,9,9.0,5481.5
40,Imp BU,2,30.0,432.0
40,Real,21,,
40,Top-Down,4,4.0,6551.0
40,Imp BU,9,59.0,842.5
40,Real,16,,
40,Top-Down,5,5.0,6123.5
40,Imp BU,2,26.0,354.0
40,Real,19,,
40,Top-Down,6,8.0,6750.0
40,Imp BU,3,8.0,80.0
40,Real,14,,
40,Top-Down,4,4.0,5352.0
40,Imp BU,8,38.0,421.0
40,Real,18,,
40,Top-Down,6,8.0,5886.0
40,Imp BU,1,14.0,176.125
40,Real,15,,
40,Top-Down,3,4.0,6255.5
40,Imp BU,2,40.0,710.25
40,Real,24,,
40,Top-Down,4,4.0,6503.0
40,Imp BU,3,44.0,567.0
40,Real,21,,
40,Top-Down,10,10.0,5716.0
40,Imp BU,1,46.0,835.0
40,Real,15,,
40,Top-Down,5,5.0,6120.5
40,Imp BU,5,61.0,829.5
40,Real,13,,
40,Top-Down,5,5.0,5411.5
40,Imp BU,2,46.0,663.0
40,Real,18,,
40,Top-Down,5,6.0,6379.5
40,Imp BU,4,41.0,519.5
40,Real,22,,
40,Top-Down,3,4.0,7048.5
40,Imp BU,6,28.0,471.0
40,Real,16,,
40,Top-Down,2,3.0,5643.0
40,Imp BU,4,43.0,493.5
40,Real,25,,
40,Top-Down,7,7.0,7341.5
40,Imp BU,7,54.0,793.125
40,Real,15,,
40,Top-Down,7,9.0,4882.5
40,Imp BU,1,43.0,767.5
40,Real,22,,
40,Top-Down,6,6.0,6017.0
40,Imp BU,5,31.0,329.5
40,Real,28,,
40,Top-Down,7,7.0,7329.5
40,Imp BU,2,17.0,251.5
40,Real,23,,
40,Top-Down,10,12.0,6770.0
40,Imp BU,8,23.0,261.5
40,Real,21,,
40,Top-Down,5,7.0,7091.5
40,Imp BU,2,46.0,574.0
40,Real,16,,
40,Top-Down,5,5.0,5222.5
40,Imp BU,3,22.0,464.0
40,Real,27,,
40,Top-Down,4,5.0,6111.0
40,Imp BU,4,35.0,484.5
40,Real,12,,
40,Top-Down,3,4.0,5844.5
40,Imp BU,4,37.0,503.5
40,Real,10,,
40,Top-Down,4,4.0,4462.0
40,Imp BU,1,23.0,303.5
40,Real,23,,
40,Top-Down,4,4.0,6386.0
40,Imp BU,4,32.0,522.0
40,Real,16,,
40,Top-Down,5,6.0,6251.5
40,Imp BU,1,30.0,491.0
40,Real,21,,
40,Top-Down,5,7.0,7126.5
40,Imp BU,3,19.0,287.5
40,Real,18,,
40,Top-Down,10,10.0,5930.0
40,Imp BU,3,30.0,369.0
40,Real,19,,
40,Top-Down,4,4.0,5419.0
40,Imp BU,5,52.0,695.0
40,Real,25,,
40,Top-Down,7,8.0,6994.5
40,Imp BU,3,12.0,145.0
40,Real,20,,
40,Top-Down,4,4.0,7018.0
40,Imp BU,9,42.0,527.0
40,Real,16,,
40,Top-Down,4,5.0,5636.0
40,Imp BU,2,22.0,596.0
40,Real,20,,
40,Top-Down,4,5.0,5949.0
40,Imp BU,2,28.0,428.0
40,Real,12,,
40,Top-Down,6,6.0,5656.0
40,Imp BU,5,44.0,645.0
40,Real,17,,
40,Top-Down,6,6.0,6637.0
40,Imp BU,5,32.0,397.0
40,Real,12,,
40,Top-Down,4,7.0,6438.0
40,Imp BU,4,30.0,451.5
40,Real,17,,
40,Top-Down,3,5.0,6197.5
40,Imp BU,1,35.0,631.5
40,Real,13,,
40,Top-Down,6,9.0,5439.0
40,Imp BU,5,32.0,381.0
40,Real,18,,
40,Top-Down,5,5.0,6110.5
40,Imp BU,2,31.0,390.5
40,Real,24,,
40,Top-Down,5,5.0,6266.5
40,Imp BU,5,40.0,651.0
40,Real,17,,
40,Top-Down,2,7.0,5737.0
40,Imp BU,4,56.0,787.0
40,Real,20,,
40,Top-Down,5,7.0,6816.5
40,Imp BU,5,44.0,641.0
40,Real,21,,
40,Top-Down,9,9.0,6719.5
40,Imp BU,6,56.0,869.0
40,Real,14,,
40,Top-Down,3,3.0,5387.5
40,Imp BU,2,66.0,766.0
40,Real,22,,
40,Top-Down,8,8.0,6038.0
40,Imp BU,1,16.0,173.0
40,Real,16,,
40,Top-Down,4,4.0,5952.0
40,Imp BU,3,49.0,559.5
40,Real,15,,
40,Top-Down,1,1.0,5449.5
40,Imp BU,4,69.0,971.5
40,Real,14,,
40,Top-Down,2,2.0,6696.0
40,Imp BU,2,15.0,195.5
40,Real,19,,
40,Top-Down,4,4.0,6027.0
40,Imp BU,5,38.0,485.0
40,Real,25,,
40,Top-Down,7,8.0,6914.5
40,Imp BU,4,83.0,1225.5
40,Real,21,,
40,Top-Down,3,4.0,7136.5
40,Imp BU,4,41.0,644.5
40,Real,18,,
40,Top-Down,5,5.0,5572.5
40,Imp BU,4,14.0,163.0
40,Real,23,,
40,Top-Down,4,5.0,6602.0
40,Imp BU,6,50.0,632.125
40,Real,20,,
40,Top-Down,6,8.0,6728.0
40,Imp BU,4,60.0,779.125
40,Real,19,,
40,Top-Down,7,7.0,5859.5
40,Imp BU,3,25.0,311.5
40,Real,17,,
40,Top-Down,5,6.0,6199.5
40,Imp BU,3,22.0,261.0
40,Real,13,,
40,Top-Down,4,4.0,6196.0
40,Imp BU,7,33.0,434.5
40,Real,15,,
40,Top-Down,2,2.0,5321.0
40,Imp BU,2,38.0,570.0
40,Real,18,,
40,Top-Down,6,6.0,6232.0
40,Imp BU,6,24.0,266.0
40,Real,20,,
40,Top-Down,6,7.0,6001.0
40,Imp BU,7,29.0,332.5
40,Real,17,,
40,Top-Down,7,7.0,5859.5
40,Imp BU,4,39.0,612.5
40,Real,14,,
40,Top-Down,6,6.0,5409.0
40,Imp BU,3,63.0,974.5
40,Real,20,,
40,Top-Down,8,8.0,6649.0
40,Imp BU,9,48.0,612.0
40,Real,15,,
40,Top-Down,4,4.0,5709.0
40,Imp BU,2,44.0,669.0
40,Real,23,,
40,Top-Down,7,12.0,6387.5
40,Imp BU,3,22.0,374.0
40,Real,20,,
40,Top-Down,4,4.0,6033.0
40,Imp BU,4,51.0,914.5
40,Real,14,,
40,Top-Down,4,5.0,6123.0
40,Imp BU,2,24.0,320.0
40,Real,10,,
40,Top-Down,2,2.0,4426.0
40,Imp BU,2,20.0,298.0
40,Real,17,,
40,Top-Down,9,9.0,6024.5
40,Imp BU,4,41.0,606.5
40,Real,30,,
40,Top-Down,7,9.0,7235.5
40,Imp BU,4,71.0,1195.625
40,Real,16,,
40,Top-Down,1,1.0,6139.5
40,Imp BU,6,50.0,932.0
40,Real,17,,
40,Top-Down,7,7.0,5229.5
40,Imp BU,2,45.0,637.5
40,Real,14,,
40,Top-Down,7,7.0,5069.5
40,Imp BU,2,39.0,622.5
40,Real,23,,
40,Top-Down,7,9.0,6144.5
40,Imp BU,3,19.0,307.5
40,Real,18,,
40,Top-Down,5,5.0,6200.5
40,Imp BU,2,17.0,318.5
40,Real,18,,
40,Top-Down,8,8.0,5305.0
40,Imp BU,4,17.0,206.5
40,Real,17,,
40,Top-Down,6,7.0,5663.0
40,Imp BU,2,31.0,531.5
40,Real,13,,
40,Top-Down,4,5.0,5010.0
40,Imp BU,4,57.0,691.625
40,Real,20,,
40,Top-Down,7,7.0,6877.5
40,Imp BU,4,73.0,1029.5
40,Real,14,,
40,Top-Down,4,5.0,5633.0
40,Imp BU,2,37.0,419.5
40,Real,18,,
40,Top-Down,3,3.0,5014.5
40,Imp BU,1,28.0,469.0
40,Real,13,,
40,Top-Down,4,5.0,4682.0
40,Imp BU,1,36.0,590.0
40,Real,16,,
40,Top-Down,3,3.0,6171.5
40,Imp BU,4,49.0,560.5
40,Real,19,,
40,Top-Down,6,6.0,5839.0
40,Imp BU,5,39.0,480.5
40,Real,19,,
40,Top-Down,4,4.0,6741.0
40,Imp BU,8,49.0,706.5
40,Real,18,,
40,Top-Down,8,8.0,5810.0
40,Imp BU,5,39.0,440.5
40,Real,22,,
40,Top-Down,6,7.0,5433.0
40,Imp BU,5,53.0,658.5
40,Real,19,,
40,Top-Down,6,6.0,6234.0
40,Imp BU,3,18.0,299.0
40,Real,15,,
40,Top-Down,4,4.0,5926.0
40,Imp BU,3,49.0,594.5
40,Real,19,,
40,Top-Down,4,4.0,5545.0
40,Imp BU,5,52.0,541.0
40,Real,13,,
40,Top-Down,8,8.0,5739.0
40,Imp BU,2,10.0,114.0
50,Real,15,,
50,Top-Down,6,6.0,6307.0
50,Imp BU,5,35.0,456.5
50,Real,20,,
50,Top-Down,5,5.0,5627.5
50,Imp BU,2,2.0,19.0
50,Real,22,,
50,Top-Down,5,5.0,6672.5
50,Imp BU,1,1.0,14.5
50,Real,20,,
50,Top-Down,4,4.0,6636.0
50,Imp BU,3,19.0,359.5
50,Real,20,,
50,Top-Down,7,8.0,5996.5
50,Imp BU,3,42.0,707.0
50,Real,18,,
50,Top-Down,4,4.0,6160.0
50,Imp BU,6,79.0,1082.5
50,Real,18,,
50,Top-Down,6,6.0,5715.0
50,Imp BU,3,44.0,726.125
50,Real,14,,
50,Top-Down,6,6.0,4687.0
50,Imp BU,4,15.0,176.5
50,Real,14,,
50,Top-Down,5,5.0,5056.5
50,Imp BU,6,51.0,614.5
50,Real,14,,
50,Top-Down,4,7.0,5866.0
50,Imp BU,3,42.0,620.0
50,Real,19,,
50,Top-Down,1,1.0,6604.5
50,Imp BU,6,62.0,655.0
50,Real,14,,
50,Top-Down,4,4.0,5343.0
50,Imp BU,6,27.0,355.5
50,Real,23,,
50,Top-Down,6,7.0,5977.0
50,Imp BU,3,24.0,322.0
50,Real,12,,
50,Top-Down,2,3.0,5565.0
50,Imp BU,2,32.0,520.0
50,Real,14,,
50,Top-Down,7,8.0,4572.5
50,Imp BU,2,24.0,530.0
50,Real,19,,
50,Top-Down,2,4.0,7377.0
50,Imp BU,8,45.0,683.5
50,Real,18,,
50,Top-Down,5,6.0,6788.5
50,Imp BU,5,32.0,351.0
50,Real,13,,
50,Top-Down,2,2.0,5552.0
50,Imp BU,2,13.0,172.5
50,Real,16,,
50,Top-Down,4,4.0,5722.0
50,Imp BU,6,18.0,221.0
50,Real,20,,
50,Top-Down,6,6.0,6492.0
50,Imp BU,4,22.0,320.0
50,Real,19,,
50,Top-Down,7,7.0,5734.5
50,Imp BU,4,41.0,502.875
50,Real,20,,
50,Top-Down,5,7.0,6029.5
50,Imp BU,5,46.0,733.0
50,Real,16,,
50,Top-Down,4,4.0,5404.0
50,Imp BU,3,41.0,629.5
50,Real,17,,
50,Top-Down,6,6.0,5111.0
50,Imp BU,4,39.0,629.5
50,Real,17,,
50,Top-Down,2,2.0,6000.0
50,Imp BU,5,18.0,205.0
50,Real,11,,
50,Top-Down,4,4.0,4207.0
50,Imp BU,2,40.0,831.0
50,Real,19,,
50,Top-Down,6,8.0,6737.0
50,Imp BU,4,42.0,709.0
50,Real,17,,
50,Top-Down,3,4.0,5600.5
50,Imp BU,3,59.0,788.5
50,Real,17,,
50,Top-Down,2,4.0,6057.0
50,Imp BU,2,29.0,336.5
50,Real,15,,
50,Top-Down,3,3.0,5501.5
50,Imp BU,3,33.0,406.5
50,Real,17,,
50,Top-Down,5,6.0,6596.5
50,Imp BU,3,18.0,232.0
50,Real,16,,
50,Top-Down,5,5.0,6293.5
50,Imp BU,4,24.0,284.0
50,Real,17,,
50,Top-Down,4,4.0,5744.0
50,Imp BU,4,47.0,523.5
50,Real,21,,
50,Top-Down,3,4.0,6754.5
50,Imp BU,5,33.0,505.5
50,Real,15,,
50,Top-Down,6,6.0,5459.0
50,Imp BU,3,31.0,411.5
50,Real,14,,
50,Top-Down,6,7.0,5202.0
50,Imp BU,2,26.0,423.0
50,Real,13,,
50,Top-Down,3,3.0,5196.5
50,Imp BU,3,55.0,634.5
50,Real,21,,
50,Top-Down,2,2.0,6840.0
50,Imp BU,6,31.0,345.5
50,Real,14,,
50,Top-Down,2,4.0,5934.0
50,Imp BU,1,35.0,786.5
50,Real,13,,
50,Top-Down,6,6.0,5355.0
50,Imp BU,1,35.0,558.5
50,Real,18,,
50,Top-Down,8,8.0,6015.0
50,Imp BU,5,30.0,347.0
50,Real,17,,
50,Top-Down,7,8.0,4957.5
50,Imp BU,1,1.0,9.5
50,Real,15,,
50,Top-Down,7,7.0,5879.5
50,Imp BU,4,41.0,628.5
50,Real,18,,
50,Top-Down,3,4.0,7013.5
50,Imp BU,2,35.0,391.5
50,Real,23,,
50,Top-Down,5,6.0,6635.5
50,Imp BU,3,46.0,495.0
50,Real,17,,
50,Top-Down,3,3.0,6138.5
50,Imp BU,4,54.0,1061.25
50,Real,16,,
50,Top-Down,6,6.0,5725.0
50,Imp BU,2,33.0,515.5
50,Real,17,,
50,Top-Down,5,6.0,5547.5
50,Imp BU,1,17.0,308.5
50,Real,20,,
50,Top-Down,5,6.0,6363.5
50,Imp BU,2,31.0,369.5
50,Real,23,,
50,Top-Down,4,5.0,6687.0
50,Imp BU,7,74.0,865.0
50,Real,15,,
50,Top-Down,5,5.0,5726.5
50,Imp BU,5,45.0,612.5
50,Real,22,,
50,Top-Down,8,9.0,5993.0
50,Imp BU,4,29.0,498.75
50,Real,16,,
50,Top-Down,6,6.0,5260.0
50,Imp BU,3,39.0,610.5
50,Real,15,,
50,Top-Down,6,7.0,5683.0
50,Imp BU,1,47.0,804.5
50,Real,15,,
50,Top-Down,3,4.0,6466.5
50,Imp BU,5,37.0,497.5
50,Real,19,,
50,Top-Down,6,6.0,6003.0
50,Imp BU,1,36.0,560.0
50,Real,14,,
50,Top-Down,7,7.0,4547.5
50,Imp BU,4,33.0,479.5
50,Real,17,,
50,Top-Down,5,5.0,6753.5
50,Imp BU,5,37.0,433.5
50,Real,23,,
50,Top-Down,4,5.0,6106.0
50,Imp BU,2,27.0,400.5
50,Real,15,,
50,Top-Down,3,3.0,6113.5
50,Imp BU,4,13.0,149.5
50,Real,24,,
50,Top-Down,8,8.0,6798.0
50,Imp BU,4,36.0,442.0
50,Real,14,,
50,Top-Down,5,5.0,6280.5
50,Imp BU,5,45.0,806.5
50,Real,21,,
50,Top-Down,7,7.0,5698.5
50,Imp BU,3,79.0,1019.5
50,Real,16,,
50,Top-Down,7,7.0,5397.5
50,Imp BU,2,14.0,237.0
50,Real,22,,
50,Top-Down,7,8.0,6150.5
50,Imp BU,3,38.0,458.0
50,Real,12,,
50,Top-Down,4,6.0,5657.0
50,Imp BU,5,40.0,591.0
50,Real,23,,
50,Top-Down,4,6.0,7694.0
50,Imp BU,5,61.0,703.5
50,Real,19,,
50,Top-Down,6,7.0,6882.0
50,Imp BU,2,66.0,1122.0
50,Real,19,,
50,Top-Down,8,9.0,6286.0
50,Imp BU,4,29.0,360.5
50,Real,22,,
50,Top-Down,4,4.0,6302.0
50,Imp BU,4,41.0,675.5
50,Real,19,,
50,Top-Down,5,5.0,5852.5
50,Imp BU,1,31.0,611.625
50,Real,15,,
50,Top-Down,9,9.0,4655.5
50,Imp BU,1,53.0,858.5
50,Real,17,,
50,Top-Down,2,4.0,6124.0
50,Imp BU,5,44.0,716.0
50,Real,19,,
50,Top-Down,8,8.0,5568.0
50,Imp BU,3,50.0,780.0
50,Real,18,,
50,Top-Down,9,9.0,5044.5
50,Imp BU,4,41.0,475.5
50,Real,15,,
50,Top-Down,3,4.0,5935.5
50,Imp BU,5,56.0,806.0
50,Real,21,,
50,Top-Down,4,5.0,6794.0
50,Imp BU,1,27.0,537.5
50,Real,23,,
50,Top-Down,2,3.0,6116.0
50,Imp BU,4,15.0,212.5
50,Real,14,,
50,Top-Down,3,3.0,5228.5
50,Imp BU,3,47.0,590.5
50,Real,15,,
50,Top-Down,1,1.0,6212.5
50,Imp BU,4,20.0,223.0
50,Real,14,,
50,Top-Down,2,2.0,5023.0
50,Imp BU,2,29.0,383.5
50,Real,20,,
50,Top-Down,5,6.0,6428.5
50,Imp BU,2,26.0,480.0
50,Real,15,,
50,Top-Down,4,4.0,5848.0
50,Imp BU,5,57.0,940.5
50,Real,15,,
50,Top-Down,3,3.0,4963.5
50,Imp BU,0,0.0,0.0
50,Real,17,,
50,Top-Down,5,5.0,6017.5
50,Imp BU,3,63.0,926.5
50,Real,15,,
50,Top-Down,4,4.0,4904.0
50,Imp BU,1,40.0,603.0
50,Real,19,,
50,Top-Down,7,8.0,4887.5
50,Imp BU,4,32.0,398.0
50,Real,15,,
50,Top-Down,9,11.0,6111.5
50,Imp BU,1,29.0,444.75
50,Real,21,,
50,Top-Down,4,4.0,5899.0
50,Imp BU,2,6.0,58.0
50,Real,21,,
50,Top-Down,5,6.0,6536.5
50,Imp BU,4,40.0,543.0
50,Real,18,,
50,Top-Down,8,8.0,6243.0
50,Imp BU,2,37.0,488.5
50,Real,23,,
50,Top-Down,6,7.0,5798.0
50,Imp BU,1,22.0,285.0
50,Real,17,,
50,Top-Down,5,6.0,5654.5
50,Imp BU,4,46.0,596.0
50,Real,22,,
50,Top-Down,10,10.0,5298.0
50,Imp BU,3,17.0,211.5
50,Real,17,,
50,Top-Down,4,4.0,5887.0
50,Imp BU,3,44.0,610.25
50,Real,25,,
50,Top-Down,7,8.0,7771.5
50,Imp BU,2,39.0,581.5
50,Real,20,,
50,Top-Down,2,2.0,6643.0
50,Imp BU,4,30.0,413.0
50,Real,16,,
50,Top-Down,4,4.0,4704.0
50,Imp BU,2,43.0,531.75
50,Real,15,,
50,Top-Down,5,6.0,6023.5
50,Imp BU,1,33.0,460.5
50,Real,16,,
50,Top-Down,3,5.0,6751.5
50,Imp BU,8,30.0,361.0
50,Real,24,,
50,Top-Down,5,5.0,6644.5
50,Imp BU,3,20.0,305.0
50,Real,14,,
50,Top-Down,3,3.0,6523.5
50,Imp BU,2,40.0,647.0
50,Real,21,,
50,Top-Down,4,5.0,6729.0
50,Imp BU,7,54.0,624.0
50,Real,16,,
50,Top-Down,3,3.0,6085.5
50,Imp BU,7,42.0,556.0
50,Real,21,,
50,Top-Down,7,7.0,7229.5
50,Imp BU,6,42.0,501.0
50,Real,21,,
50,Top-Down,8,9.0,5641.0
50,Imp BU,2,55.0,904.5
50,Real,18,,
50,Top-Down,6,7.0,6253.0
50,Imp BU,1,20.0,425.0
50,Real,12,,
50,Top-Down,3,4.0,4898.5
50,Imp BU,2,26.0,333.125
50,Real,16,,
50,Top-Down,8,8.0,5066.0
50,Imp BU,2,29.0,436.5
50,Real,11,,
50,Top-Down,2,5.0,5397.0
50,Imp BU,4,55.0,762.5
50,Real,18,,
50,Top-Down,4,4.0,6154.0
50,Imp BU,5,47.0,736.5
50,Real,20,,
50,Top-Down,6,6.0,5852.0
50,Imp BU,4,59.0,988.5
50,Real,21,,
50,Top-Down,4,4.0,6187.0
50,Imp BU,6,67.0,841.5
50,Real,16,,
50,Top-Down,5,5.0,5375.5
50,Imp BU,4,46.0,595.0
50,Real,19,,
50,Top-Down,4,4.0,5066.0
50,Imp BU,5,56.0,627.0
50,Real,16,,
50,Top-Down,5,5.0,5868.5
50,Imp BU,5,33.0,459.5
50,Real,16,,
50,Top-Down,6,6.0,6022.0
50,Imp BU,3,16.0,168.0
50,Real,22,,
50,Top-Down,6,6.0,7632.0
50,Imp BU,6,72.0,1132.0
50,Real,18,,
50,Top-Down,4,4.0,5418.0
50,Imp BU,6,47.0,717.5
50,Real,18,,
50,Top-Down,5,7.0,5633.5
50,Imp BU,1,43.0,733.875
50,Real,20,,
50,Top-Down,2,3.0,5994.0
50,Imp BU,3,39.0,686.5
50,Real,18,,
50,Top-Down,4,4.0,5116.0
50,Imp BU,5,29.0,324.5
50,Real,12,,
50,Top-Down,5,5.0,6083.5
50,Imp BU,2,18.0,232.0
50,Real,20,,
50,Top-Down,7,7.0,6414.5
50,Imp BU,2,46.0,708.0
50,Real,22,,
50,Top-Down,4,5.0,6839.0
50,Imp BU,2,42.0,741.0
50,Real,16,,
50,Top-Down,3,4.0,5577.5
50,Imp BU,1,29.0,407.5
50,Real,18,,
50,Top-Down,5,5.0,6510.5
50,Imp BU,4,38.0,500.0
50,Real,18,,
50,Top-Down,7,7.0,4720.5
50,Imp BU,1,19.0,373.5
50,Real,11,,
50,Top-Down,2,2.0,4678.0
50,Imp BU,2,25.0,417.625
50,Real,18,,
50,Top-Down,3,3.0,6242.5
50,Imp BU,3,28.0,342.0
50,Real,22,,
50,Top-Down,4,4.0,7146.0
50,Imp BU,8,49.0,479.5
50,Real,16,,
50,Top-Down,3,5.0,5565.5
50,Imp BU,3,53.0,983.5
50,Real,11,,
50,Top-Down,6,8.0,5113.0
50,Imp BU,2,34.0,573.0
50,Real,17,,
50,Top-Down,6,6.0,5933.0
50,Imp BU,3,32.0,373.0
50,Real,13,,
50,Top-Down,8,8.0,4651.0
50,Imp BU,2,25.0,331.5
50,Real,18,,
50,Top-Down,7,7.0,6294.5
50,Imp BU,2,27.0,375.5
50,Real,20,,
50,Top-Down,8,11.0,6594.0
50,Imp BU,4,32.0,462.0
50,Real,28,,
50,Top-Down,8,9.0,6560.0
50,Imp BU,7,30.0,407.0
50,Real,19,,
50,Top-Down,5,7.0,5992.5
50,Imp BU,4,34.0,466.0
50,Real,17,,
50,Top-Down,5,5.0,5492.5
50,Imp BU,4,68.0,909.0
50,Real,13,,
50,Top-Down,6,7.0,5826.0
50,Imp BU,4,53.0,699.5
50,Real,12,,
50,Top-Down,6,6.0,4655.0
50,Imp BU,2,37.0,407.5
50,Real,16,,
50,Top-Down,4,4.0,5952.0
50,Imp BU,3,40.0,780.0
50,Real,15,,
50,Top-Down,6,7.0,5208.0
50,Imp BU,3,25.0,346.5
50,Real,15,,
50,Top-Down,3,3.0,5310.5
50,Imp BU,1,21.0,310.5
50,Real,19,,
50,Top-Down,7,7.0,6657.5
50,Imp BU,3,58.0,788.0
50,Real,14,,
50,Top-Down,6,7.0,5273.0
50,Imp BU,2,37.0,490.5
50,Real,16,,
50,Top-Down,5,5.0,6033.5
50,Imp BU,6,42.0,547.0
50,Real,13,,
50,Top-Down,4,5.0,4867.0
50,Imp BU,2,19.0,257.625
50,Real,15,,
50,Top-Down,4,5.0,5864.0
50,Imp BU,2,11.0,104.5
50,Real,17,,
50,Top-Down,8,8.0,5285.0
50,Imp BU,1,16.0,206.0
50,Real,19,,
50,Top-Down,5,5.0,5723.5
50,Imp BU,2,24.0,411.0
50,Real,15,,
50,Top-Down,7,7.0,5436.5
50,Imp BU,3,42.0,630.0
50,Real,14,,
50,Top-Down,4,4.0,5703.0
50,Imp BU,4,28.0,364.0
50,Real,14,,
50,Top-Down,5,6.0,5252.5
50,Imp BU,3,22.0,212.0
50,Real,16,,
50,Top-Down,7,7.0,5257.5
50,Imp BU,6,29.0,371.5
50,Real,22,,
50,Top-Down,6,7.0,5990.0
50,Imp BU,3,23.0,301.5
50,Real,17,,
50,Top-Down,2,3.0,6419.0
50,Imp BU,3,48.0,723.0
50,Real,23,,
50,Top-Down,5,7.0,7694.5
50,Imp BU,6,18.0,183.0
50,Real,20,,
50,Top-Down,7,7.0,5972.5
50,Imp BU,1,16.0,153.0
50,Real,14,,
50,Top-Down,6,6.0,5863.0
50,Imp BU,5,58.0,763.0
50,Real,17,,
50,Top-Down,4,5.0,6519.0
50,Imp BU,7,74.0,966.0
50,Real,19,,
50,Top-Down,3,3.0,5094.5
50,Imp BU,5,47.0,558.5
50,Real,13,,
50,Top-Down,5,5.0,5126.5
50,Imp BU,3,56.0,814.0
50,Real,17,,
50,Top-Down,7,7.0,6285.5
50,Imp BU,3,32.0,500.0
50,Real,21,,
50,Top-Down,3,4.0,6380.5
50,Imp BU,5,29.0,308.5
50,Real,18,,
50,Top-Down,4,4.0,5251.0
50,Imp BU,6,25.0,289.5
50,Real,14,,
50,Top-Down,3,3.0,5166.5
50,Imp BU,2,40.0,668.0
50,Real,16,,
50,Top-Down,3,5.0,6099.5
50,Imp BU,6,77.0,1003.5
50,Real,21,,
50,Top-Down,8,9.0,5689.0
50,Imp BU,2,33.0,395.5
50,Real,14,,
50,Top-Down,5,6.0,5916.5
50,Imp BU,6,37.0,401.5
50,Real,18,,
50,Top-Down,7,7.0,5552.5
50,Imp BU,6,40.0,448.5
50,Real,18,,
50,Top-Down,5,6.0,5729.5
50,Imp BU,5,37.0,510.5
50,Real,13,,
50,Top-Down,6,6.0,5984.0
50,Imp BU,2,35.0,630.5
50,Real,19,,
50,Top-Down,7,8.0,6038.5
50,Imp BU,6,55.0,728.75
50,Real,18,,
50,Top-Down,3,3.0,6001.5
50,Imp BU,3,66.0,1257.0
50,Real,13,,
50,Top-Down,6,6.0,6192.0
50,Imp BU,2,36.0,462.0
50,Real,25,,
50,Top-Down,6,6.0,6835.0
50,Imp BU,3,30.0,553.0
50,Real,18,,
50,Top-Down,7,7.0,5896.5
50,Imp BU,5,39.0,492.5
50,Real,20,,
50,Top-Down,7,7.0,6091.5
50,Imp BU,2,19.0,336.75
50,Real,19,,
50,Top-Down,5,5.0,5937.5
50,Imp BU,3,9.0,107.5
50,Real,18,,
50,Top-Down,3,3.0,6401.5
50,Imp BU,2,29.0,444.5
50,Real,20,,
50,Top-Down,7,7.0,5546.5
50,Imp BU,1,33.0,493.5
50,Real,21,,
50,Top-Down,7,9.0,6272.5
50,Imp BU,4,59.0,835.75
50,Real,12,,
50,Top-Down,2,2.0,5540.0
50,Imp BU,6,11.0,109.5
50,Real,15,,
50,Top-Down,7,7.0,4834.5
50,Imp BU,4,46.0,719.0
50,Real,24,,
50,Top-Down,8,8.0,5342.0
50,Imp BU,1,33.0,519.625
50,Real,18,,
50,Top-Down,6,8.0,6236.0
50,Imp BU,4,40.0,566.0
50,Real,19,,
50,Top-Down,5,5.0,6075.5
50,Imp BU,6,50.0,594.0
50,Real,16,,
50,Top-Down,5,5.0,5424.5
50,Imp BU,2,37.0,498.5
50,Real,15,,
50,Top-Down,8,8.0,5609.0
50,Imp BU,4,19.0,194.625
50,Real,13,,
50,Top-Down,3,3.0,5502.5
50,Imp BU,1,17.0,175.75
50,Real,21,,
50,Top-Down,6,7.0,6085.0
50,Imp BU,4,26.0,340.375
50,Real,20,,
50,Top-Down,6,6.0,5613.0
50,Imp BU,5,11.0,108.5
50,Real,17,,
50,Top-Down,3,4.0,6616.5
50,Imp BU,7,36.0,496.0
50,Real,18,,
50,Top-Down,5,6.0,6246.5
50,Imp BU,2,30.0,569.0
50,Real,23,,
50,Top-Down,7,8.0,6741.5
50,Imp BU,2,47.0,674.5
50,Real,23,,
50,Top-Down,7,7.0,6178.5
50,Imp BU,5,46.0,671.0
50,Real,14,,
50,Top-Down,4,4.0,5971.0
50,Imp BU,4,34.0,484.0
50,Real,21,,
50,Top-Down,5,5.0,5684.5
50,Imp BU,4,60.0,803.0
